company_number,company_name,address_line_1,address_line_2,locality,postal_code,country,accounts_type,last_accounts_made_up_to,next_accounts_due,has_recent_accounts,accounts_overdue,sic_codes_ch,is_group_like,date_of_creation,age_years,primary_sic,sector,esos_score
08065601,ADVANCED METALCRAFT LIMITED,"Units 14/15 Francis Way Francis Way, Bowthorpe Employment Area",,Norwich,NR5 9JA,England,total-exemption-full,2025-05-31,2027-02-28,True,False,25110,False,2012-05-11,13.648186173853524,25110,Industrial,5
11766390,WRS GROUP LTD,9 Cockleton Lane,Gurnard,Cowes,PO31 8JE,England,micro-entity,2025-01-31,2026-10-31,True,False,81100;81300,True,2019-01-14,6.97056810403833,81100,Buildings,5
10938999,TREW HOLDINGS LTD,4 Low Moor Road,,Lincoln,LN6 3JY,United Kingdom,,,2019-05-30,False,True,68100,True,2017-08-30,8.344969199178644,68100,Buildings,4
11055610,DIRECT TO SOURCE LTD,Hollymount Barn,Glewstone,Ross-On-Wye,HR9 6AN,United Kingdom,total-exemption-full,2024-11-30,2026-08-31,True,False,46180,False,2017-11-09,8.150581793292266,46180,Other,4
11804301,HHS ELECTRICAL LIMITED,102 Newthorpe Common,Newthorpe,Nottingham,NG16 2EH,England,total-exemption-full,2025-03-31,2026-12-31,True,False,43210,False,2019-02-04,6.913073237508556,43210,Buildings,4
00840500,TUNLEY PROPERTIES LIMITED,40 Fleet Street,,Swindon,SN1 1RE,England,total-exemption-full,2021-03-31,2022-12-31,True,True,68100;68209,False,1965-03-10,60.818617385352496,68100,Buildings,3
03872416,MEDIA INSURANCE BROKERS INTERNATIONAL LIMITED,One,Creechurch Place,London,EC3A 5AF,United Kingdom,small,2024-09-30,2026-09-30,True,False,65110;65201,False,1999-11-05,26.16290212183436,65110,Other,3
08955629,RENFUL SYSTEMS LIMITED,5 North End Road,,London,NW11 7RJ,,total-exemption-full,2024-12-31,2026-10-07,True,False,99999,False,2014-03-24,11.780971937029431,99999,Other,3
SC203352,DEBI GLIORI LIMITED,17 Letham Mains Holdings,Haddington,East Lothian,EH41 4NW,,total-exemption-full,2025-01-31,2026-10-31,True,False,90030,False,2000-01-27,25.935660506502394,90030,Other,3
00700529,WINEMAKERS CHOICE LIMITED,Sabmiller House,Church Street West,Woking,GU21 6HS,United Kingdom,total-exemption-full,2012-03-31,2013-12-31,True,True,99999,False,1961-08-10,64.39972621492129,99999,Other,2
12326630,CONTINENTAL BUSINESS AND SERVICES LTD,30 Lonsdale Road,,Nottingham,NG7 3DU,England,total-exemption-full,2020-11-30,2022-08-31,True,True,81299,False,2019-11-21,6.119096509240246,81299,Buildings,2
12387679,TOP SHEET CLADDING LIMITED,Equitable House 55,Pellon Lane,Halifax,HX1 5SP,United Kingdom,total-exemption-full,2022-01-31,2024-01-31,True,True,43330;43390,False,2020-01-06,5.993155373032169,43330,Buildings,2
NI620386,BRANNOCK TRADING LIMITED,6 Brannock Meadows,Poyntzpass,Newry,BT35 6UD,Northern Ireland,unaudited-abridged,2019-09-30,2021-06-30,True,True,43120;46900;77320,False,2013-09-12,12.309377138945928,43120,Buildings,2
SC490891,OBAN FISH COMPANY LTD,Smoke House,Kilmore,Oban,PA34 4XT,,total-exemption-full,2019-11-30,2021-08-31,True,True,10200,False,2014-11-10,11.148528405201917,10200,Industrial,2
SC593054,PEPPERSTAWN LTD,268 Birkhall Parade,,Aberdeen,AB16 5RA,Scotland,full,2021-04-30,2023-01-31,True,True,84120;87200,False,2018-04-03,7.753593429158111,84120,Other,2
11317160,DENDROBIUM ADVANCED TECHNOLOGIES LIMITED,2 Toomers Wharf,Canal Walk,Newbury,RG14 1DY,England,total-exemption-full,2021-04-30,2023-04-30,True,True,96090,False,2018-04-18,7.712525667351129,96090,Other,1
11759722,JURBAN LTD,46 Morris Road,Ribbleton,Preston,PR2 6BQ,United Kingdom,total-exemption-full,2023-01-31,2024-10-31,True,True,47791;47799;95110;96020,False,2019-01-10,6.981519507186858,47791,Other,1
12042485,RP CONTRACTING LIMITED,5 Moelyn Mews,,Harrow,HA1 2RD,United Kingdom,total-exemption-full,2022-06-30,2024-03-31,True,True,66290,False,2019-06-10,6.568104038329911,66290,Other,1
12457116,MEAH LOGISTICS LTD,39 Moorton Avenue,,Manchester,M19 0NQ,England,,,2021-11-12,False,True,49390,False,2020-02-12,5.891854893908282,49390,Transport,1
SC607047,EM FOOD DISTRIBUTION LTD,154 Reid Street,,Glasgow,G40 4EN,Scotland,total-exemption-full,2020-09-30,2022-06-30,True,True,56290,False,2018-09-03,7.3347022587268995,56290,Other,1
SC632180,KYLE 1 ENTERPRISE LTD,42 Nithsdale Road,,Glasgow,G41 2AN,Scotland,,,2021-05-31,False,True,42990,False,2019-05-31,6.595482546201232,42990,Buildings,1
12356357,PRIMA NURSERY LTD,White City Community Centre,India Way,London,W12 7QT,England,,,2021-09-10,False,True,88910,False,2019-12-10,6.067077344284736,88910,Other,0
SC034143,CLYDE PIPEWORKS LIMITED,280 Kirkintilloch Road,Bishopbriggs,Glasgow,,,null,,1989-08-31,False,True,,False,1959-07-06,66.49691991786447,,Other,0
SC037439,WILLIAM V. FLEMING & COMPANY LIMITED,Dalziel House,7 Claremont Terrace,Glasgow,G3 7XR,,no-accounts-type-available,,1992-03-31,False,True,,False,1962-03-30,63.76454483230664,,Other,0
05449087,THE GLASS CENTRE (BASINGSTOKE) LIMITED,Unit 3 Bear Court Amrstrong Road,Daneshill East,Basingstoke,RG24 8QT,,micro-entity,2025-03-31,2026-12-31,True,False,23120;43342,False,2005-05-11,20.648870636550306,23120,Industrial,-2
06324935,CASEY MANCHESTER LIMITED,28 Bury New Road,Whitefield,Manchester,M45 7FJ,,micro-entity,2024-03-30,2025-12-30,True,True,43999,False,2007-07-26,18.442162902121833,43999,Buildings,-2
07199508,786 SECURITY SERVICES LTD,105 Howard Avenue,,Slough,SL2 1LB,England,total-exemption-small,2013-03-31,,True,,80100,False,2010-03-23,15.783709787816564,80100,Other,-2
08514974,WEST END GARAGE (WOLSINGHAM) LTD,3 Hope Street House,Hope Street,Crook,DL15 9HU,England,micro-entity,2025-05-31,2027-02-28,True,False,45200,False,2013-05-02,12.673511293634498,45200,Other,-2
08584305,VICKY EASTON CONSULTING LIMITED,58 Kelham Hall Drive,Wheatley,Oxford,OX33 1YB,,micro-entity,2023-06-30,2025-03-31,True,True,82990,False,2013-06-25,12.525667351129364,82990,Buildings,-2
08800582,RADHA KRISHNA AGS LTD,Rex House,354 Ballards Lane,London,N12 0DD,England,micro-entity,2024-12-31,2026-09-30,True,False,41202;43999;69202;70229,False,2013-12-03,12.084873374401095,41202,Buildings,-2
09734017,DEAN NELSON FABRICATIONS LTD,28 Hothfield Drive,,Appleby-In-Westmorland,CA16 6HJ,England,micro-entity,2024-08-31,2026-05-31,True,False,25110,False,2015-08-14,10.390143737166325,25110,Industrial,-2
09844568,GET SOFTWARE LTD,10 Brownrigg Crescent,,Bracknell,RG12 2PZ,United Kingdom,micro-entity,2017-02-28,2018-11-30,True,True,62012,False,2015-10-27,10.18754277891855,62012,Other,-2
10651001,AGIE&KATIE LTD,12 St. Johns Square,,Stoke-On-Trent,ST6 3AJ,England,micro-entity,2024-03-31,2025-12-31,True,True,56101,False,2017-03-03,8.837782340862423,56101,Other,-2
10726507,A C TEK-SOL LTD,Carreg Y Bedmon,Llanfairynghornwy,Holyhead,LL65 4LY,Wales,micro-entity,2022-04-30,2024-01-31,True,True,45200,False,2017-04-18,8.711841204654347,45200,Other,-2
10768167,EURO ASIA BUSINESS LTD,"C/O Shafi & Co Accountants, Nida House, Ground Floor","60 Sutton Street, Shadwell",London,E1 0AX,United Kingdom,micro-entity,2023-05-31,2025-02-28,True,True,46410;46420;82990,False,2017-05-12,8.646132785763175,46410,Other,-2
11374585,PAINTING CLASSIC CARS LIMITED,Unit 2 Birch Close,,Eastbourne,BN23 6PE,England,micro-entity,2024-05-31,2026-02-28,True,False,45200,False,2018-05-22,7.619438740588638,45200,Other,-2
11549170,DEREK MURRAY FORMWORK LTD,Flat 6 36 Sefton Park Road,,Bristol,BS7 9AJ,England,micro-entity,2022-09-30,2024-06-30,True,True,42990,False,2018-09-03,7.3347022587268995,42990,Buildings,-2
11631290,S.D FAIR SHIPPING LTD,17 Rothesay Terrace,,Northampton,NN2 7ER,United Kingdom,micro-entity,2022-10-31,2024-07-31,True,True,51210,False,2018-10-19,7.208761122518823,51210,Transport,-2
11824337,AU FUSION LTD,Daisyfield Business Centre Appleby Street,Unit 309,Blackburn,BB1 3BL,England,micro-entity,2023-02-28,2024-11-30,True,True,46190,False,2019-02-13,6.888432580424367,46190,Other,-2
11909774,THE TETTENHALL FISH BAR LTD,9 High Street,Tettenhall,Wolverhampton,WV6 8QS,England,micro-entity,2022-03-31,2023-12-31,True,True,56103,False,2019-03-27,6.7734428473648185,56103,Other,-2
12439353,SAIGON BAR AND GRILL LTD,203 Petts Wood Road,Petts Wood,Orpington,BR5 1LA,England,micro-entity,2023-02-28,2024-11-30,True,True,56101,False,2020-02-03,5.916495550992471,56101,Other,-2
NI626414,MJL WORKFORCE ENGAGEMENT SERVICES LTD,70 Cavanoneill Road,Pomeroy,Dungannon,BT70 2SH,Northern Ireland,micro-entity,2024-08-31,2026-05-31,True,False,43999,False,2014-08-29,11.34839151266256,43999,Buildings,-2
NI668027,CAUSEWAY FITNESS LIMITED,8 Riverside Park North,,Coleraine,BT51 3GE,Northern Ireland,micro-entity,2022-02-28,2023-11-30,True,True,93130,False,2020-02-27,5.8507871321013,93130,Other,-2
SC468415,GALLERY ART MARKETING LTD,1 Woodside Ind. Est. Main Street,Glenluce,Newton Stewart,DG8 0PL,,micro-entity,2022-01-31,2023-10-31,True,True,18129,False,2014-01-27,11.93429158110883,18129,Industrial,-2
SC471241,BIBBLE BAR SILVERBURN LIMITED,Bibble Milkshake,Unit 42/1 Hardengreen Business Park,Eskbank,EH22 3NU,Scotland,micro-entity,2018-02-28,2019-11-30,True,True,56103,False,2014-02-28,11.846680355920602,56103,Other,-2
SC532958,CMS JOINERY LTD,50 George Street,,Dunoon,PA23 8BW,Scotland,micro-entity,2021-04-30,2023-04-30,True,True,43320,False,2016-04-18,9.711156741957563,43320,Buildings,-2
SC535394,DI & EV LTD,37 Broad Street,,Peterhead,AB42 1JB,United Kingdom,micro-entity,2021-05-31,2023-02-28,True,True,96090,False,2016-05-13,9.64271047227926,96090,Other,-2
SC571479,COPELAND JOINERY LTD,22 Highfield Place,,Irvine,KA11 1BW,Scotland,micro-entity,2021-07-31,2023-04-30,True,True,43320,False,2017-07-18,8.462696783025326,43320,Buildings,-2
SC628849,ABNA CONSULTANCY LIMITED,2 Taylor Place,Flat 24/8,Glasgow,G4 0PA,Scotland,dormant,2022-04-30,2024-01-31,True,True,70229,False,2019-04-29,6.683093771389459,70229,Other,-2
SC644794,TINY HOMES SCOTLAND LTD,20 Lora View,North Connel,Oban,PA37 1RR,Scotland,micro-entity,2021-10-31,2023-07-31,True,True,41202,False,2019-10-18,6.2121834360027375,41202,Buildings,-2
