company_number,company_name,employees,turnover,balance_sheet,accounts_date,qualification_route,covering_parent_number,covering_parent_name,company_status,jurisdiction,registered_address,sic_codes
02505735,Reuters News & Media Limited,1009000,236570000.0,200635000.0,2024-12-31,EMPLOYEE_TEST,,,active,england-wales,"Five Canada Square, Canary Wharf, London, E14 5AQ",63910
12476350,PWC Newco Limited,697000,28246000.0,45561000.0,2025-03-31,EMPLOYEE_TEST,,,active,england-wales,"12-18 Grosvenor Gardens, 5th Floor, London, SW1W 0DH",64209
12405444,PWC Holdco 1 Limited,697000,28246000.0,45561000.0,2025-03-31,EMPLOYEE_TEST,,,active,england-wales,"12-18 Grosvenor Gardens, 5th Floor, London, SW1W 0DH",64209
11768204,Bishopsgate Employment Services Limited,622000,51786000.0,607000.0,2025-03-31,EMPLOYEE_TEST,,,active,england-wales,"The Dock, Station Road, Kings Langley, WD4 8LZ",43999;82990
02911969,Hurst Group (Northern) Limited,270000,,4388000.0,,EMPLOYEE_TEST,,,active,england-wales,"Aynsley House, Common Road, Low Moor, Bradford, BD12 0UF",32990
07081393,Trinity Care at Home Ltd,259000,,1490000.0,2025-03-31,EMPLOYEE_TEST,,,active,england-wales,"1 - 15 Central Road, Worcester Park, KT4 8EG",88100
09496256,R L MORRIS LIMITED,210449,,283996.0,31 March 2,EMPLOYEE_TEST,,,active,england-wales,"32 High Road, South Woodford,, London,, E18 2QL",68320
03034235,Hurst Plastics Limited,165000,29077000.0,5659000.0,,EMPLOYEE_TEST,,,active,england-wales,"Aynsley House, Common Road, Low Moor, Bradford, BD12 0UF",32990
NI640534,MOFFETT LIVESTOCK LIMITED,164150,,263767.0,31 Decembe,EMPLOYEE_TEST,,,active,northern-ireland,"2 Woodvale, Loughbrickland, Banbridge, BT32 3RT",49410
06512050,Birchwood Motor Group Limited,160000,100357000.0,1460000.0,31 Decembe,EMPLOYEE_TEST,,,active,england-wales,"Birchwood Garage, Lottbridge Drove, Eastbourne, BN23 6PX",45111;45200
00533277,McBraida Plc,152000,31789000.0,21717000.0,2025-06-30,EMPLOYEE_TEST,,,active,england-wales,"Bridgeyate Engineering Works, Warmley, Bristol, BS30 5JW",25620;30300
08781493,Berkeley Home Health Limited,124000,3722000.0,13938000.0,2025-03-31,EMPLOYEE_TEST,,,active,england-wales,"Trinity Homecare Group, 1-15 Central Road, Worcester Park, KT4 8EG",88100
03573047,Corinium Care Limited,106000,4584000.0,77000.0,2025-03-31,EMPLOYEE_TEST,,,active,england-wales,"Trinity Homecare Group, 1-15 Central Road, Worcester Park, KT4 8EG",86900
09243163,ARG FENCING LTD,93024,,197.0,31 October,EMPLOYEE_TEST,,,active,england-wales,"3a Headley Road, Woodley, Reading, RG5 4JB",43999
12477148,PURDY & FIGG LTD,70000,39304000.0,1285000.0,,EMPLOYEE_TEST,,,active,england-wales,"9 Heron Business Park Eastman Way, Hemel Hempstead Industrial Estate, Hemel Hempstead, HP2 7FW",20412;47910;62012
02911962,Hurst Joinery Projects Limited,67000,,780000.0,,EMPLOYEE_TEST,,,active,england-wales,"Aynsley House, Common Road, Low Moor, Bradford, BD12 0UF",32990
05555977,Guardior Security Limited,65000,,217000.0,2025-03-31,EMPLOYEE_TEST,,,active,england-wales,"The Dock, Station Road, Kings Langley, WD4 8LZ",80100
05368398,UINCAP INTERNATIONAL UNION OF CAPOEIRA (UINCAP),56000,,,28 FEBRUAR,EMPLOYEE_TEST,,,active,england-wales,"136 Streatham High Road Streatham High Road, London, SW16 1BW",93199
04492795,The Severn Partnership Limited,47000,,748000.0,2025-03-31,EMPLOYEE_TEST,,,active,england-wales,"The Dock, Station Road, Kings Langley, WD4 8LZ",74909
06513466,Azur Auto Limited,43000,30819000.0,3985000.0,31 Decembe,EMPLOYEE_TEST,,,active,england-wales,"2/4 Ash Lane Rustington, Littlehampton, BN16 3BZ",45111;45112;45200;45400
12087784,Country Cousins Homecare Agencies Ltd,43000,,7216000.0,2025-03-31,EMPLOYEE_TEST,,,active,england-wales,"Suite 5g Gatwick House, Peeks Brook Lane, Horley, RH6 9ST",82990
06504617,Newburn (LSA Properties) Ltd,37471,,290633.0,2025-03-31,EMPLOYEE_TEST,,,active,england-wales,"19 Park Road, Lytham St. Annes, FY8 1PW",68100
01623967,Munnelly Support Services Limited,34000,39810000.0,9749000.0,2025-03-31,EMPLOYEE_TEST,,,active,england-wales,"The Dock, Station Road, Kings Langley, WD4 8LZ",43999
00052099,"S.A.Brain & Company,Limited",31000,,14247000.0,,EMPLOYEE_TEST,,,active,england-wales,"Dragon Brewery, Pacific Road, Cardiff, CF24 5HJ",11050;46342;56302
01044173,Hurst Stores and Interiors Limited,29000,,3447000.0,,EMPLOYEE_TEST,,,active,england-wales,"Aynsley House, Common Road, Low Moor, Bradford, BD12 0UF",43999
04161609,MacRail Systems Limited,26000,,1550000.0,2025-03-31,EMPLOYEE_TEST,,,active,england-wales,"The Dock, Station Road, Kings Langley, WD4 8LZ",62012;62090;63110;82200
13026449,Triumph Dorset Ltd,26000,,-279000.0,31 Decembe,EMPLOYEE_TEST,,,active,england-wales,"2/4 Ash Lane, Rustington, Littlehampton, BN16 3BZ",45400
06899831,Datel Advansys Limited,23000,,657000.0,,EMPLOYEE_TEST,,,active,england-wales,"Cinnamon Park, Fearnhead, Warrington, WA2 0XP",62020
08387342,FLORIAN FIRE SERVICES LIMITED,17082,,3470.0,31 March 2,EMPLOYEE_TEST,,,active,england-wales,"1 Long Row, Pegsdon, Hitchin, SG5 3JX",02400
06510589,Birchwood Auto Limited,17000,,295000.0,31 Decembe,EMPLOYEE_TEST,,,active,england-wales,"Birchwood Garage, Lottbridge, Drove, Eastbourne, East Sussex, BN23 6PX",45111;45200;45310
12367945,Bridgehead Consultancy Limited,15000,,-935000.0,2025-03-31,EMPLOYEE_TEST,,,active,england-wales,"The Dock, Station Road, Kings Langley, WD4 8LZ",43999
11768606,Bishopsgate Group Limited,14000,1537000.0,64000.0,2025-03-31,EMPLOYEE_TEST,,,active,england-wales,"The Dock, Station Road, Kings Langley, WD4 8LZ",43999;82990
11521776,Weston Analytics Limited,14000,,577000.0,2025-03-31,EMPLOYEE_TEST,,,active,england-wales,"The Dock, Station Road, Kings Langley, WD4 8LZ",62012;62090;63110;82200
07576441,City Calling Limited,14000,,-83000.0,2025-03-31,EMPLOYEE_TEST,,,active,england-wales,"The Dock, Station Road, Kings Langley, WD4 8LZ",82110
07439914,THINK DRINKS LIMITED,13000,,872000.0,,EMPLOYEE_TEST,,,active,england-wales,"65 Whiteladies Road, Bristol, BS8 2LY",11070;46341;46342
06131771,BROOMFIELD BOOKS LIMITED,9173,,13379.0,31 March 2,EMPLOYEE_TEST,,,active,england-wales,"36 De La Warr Road, East Grinstead, West Sussex, RH19 3BP",47910;58110
08380483,Speira UK Limited,9000,1531000.0,1960000.0,,EMPLOYEE_TEST,,,active,england-wales,"90-92 High Street, Evesham, WR11 4EU",82990
03093787,GIANT GROUP LIMITED (FORMERLY GIANT GROUP PLC),7811,,119888.0,2025-05-31,EMPLOYEE_TEST,,,active,england-wales,"Fourth Floor, 90 High Holborn, London, WC1V 6LJ",70100;74990
00056685,Exmouth Marina Ltd,7000,,6459000.0,31 March 2,EMPLOYEE_TEST,,,active,england-wales,"Greendale Business Park, Woodbury Salterton, Exeter, EX5 1EW",50100
13102444,AVANT GARDE TATTOO LTD,6849,,6849.0,30 April 2,EMPLOYEE_TEST,,,active,england-wales,"7 York Street, Cheltenham, GL52 2JT",96020
10314299,TIGER TIM PRODUCTIONS LIMITED,5495,,5855.0,28 Februar,EMPLOYEE_TEST,,,active,england-wales,"14 Cavell Street, London, E1 2HP",68100;96090;98000
06854380,GMT Spas International Limited,5005,,97325.0,,EMPLOYEE_TEST,,,active,england-wales,"Unit 1a, Borders Industrial Estate River Lane, Saltney, CH4 8RJ",32990
08023909,Trinity Homecare Group Ltd,4000,,-4943000.0,2025-03-31,EMPLOYEE_TEST,,,active,england-wales,"1 - 15 Central Road, Worcester Park, KT4 8EG",88100
SC188333,WEST COAST CAPITAL PROPERTIES (MARATHON HOUSE) LIMITED,4000,,2588000.0,30/03/2025,EMPLOYEE_TEST,,,active,scotland,"Marathon House,Olympic Business, Park,Drybridge Road,, Dundonald, KA2 9AE",82990
06655208,WILLOWBROOK HEALTHCARE LIMITED,3471,188812421.0,1325156.0,2025-03-31,EMPLOYEE_TEST,,,active,england-wales,"3 Cygnet Drive, Swan Valley, Northampton, NN4 9BS",70100
15740044,EDGEHILL LEICESTER LTD,3324,,250365.0,31 March 2,EMPLOYEE_TEST,,,active,england-wales,"13 Rowsley Avenue, Leicester, LE5 5BS",68209
15531618,KLM MORTGAGE SOLUTIONS LTD,3174,,7626.0,28 Februar,EMPLOYEE_TEST,,,active,england-wales,"48 Honister Heights, Purley, CR8 1EU",64999
12359760,RICKMANSWORTH GLASS LIMITED,3070,,2125.0,31 Decembe,EMPLOYEE_TEST,,,active,england-wales,"C/O Mg Tax,, 166 College Road, Harrow, HA1 1BH",43342
12123134,Bishopsgate Contracting Services Limited,3000,89174000.0,120000.0,2025-03-31,EMPLOYEE_TEST,,,active,england-wales,"The Dock, Station Road, Kings Langley, WD4 8LZ",43999;82990
12405502,Trinity Homecare Holdings Limited,3000,140000.0,24494000.0,2025-03-31,EMPLOYEE_TEST,,,active,england-wales,"12-18 Grosvenor Gardens, 5th Floor, London, SW1W 0DH",64209
13290876,CENTURION CONSULTANTS LIMITED,2890,,2890.0,31 March 2,EMPLOYEE_TEST,,,active,england-wales,"71-75 Shelton Street, Covent Garden, London, WC2H 9JQ",39000;43999;74901
04601274,eXPD8 Limited,2781,34783428.0,331866.0,2025-03-22,EMPLOYEE_TEST,,,active,england-wales,"Spectrum Building, Bond Street, Bristol, BS1 3LG",74909
02021497,50 FASSETT ROAD RESIDENTS ASSOCIATION LIMITED,2607,,2468.0,31 March 2,EMPLOYEE_TEST,,,active,england-wales,"44 Fassett Road, Kingston Upon Thames, KT1 2TF",68209
15331879,MEDITERRANEAN URUCI CONSTRUCTION LTD,2569,,4500.0,31 Decembe,EMPLOYEE_TEST,,,active,england-wales,"12 Percy Street, Nelson, BB9 0AA",41201;41202;42110
09813979,COUNTRY COURT CARE GROUP LIMITED,2548,,205.0,,EMPLOYEE_TEST,,,,,,
SC821066,PARK'S OF HAMILTON (INVESTMENTS) LIMITED,2198,,270000000.0,,EMPLOYEE_TEST,,,active,scotland,"Park House, 14 Bothwell Road, Hamilton, ML3 0AY",70100
04386504,INDUSTRIA PERSONNEL SERVICES LTD.,2171,,508762.0,,EMPLOYEE_TEST,,,active,england-wales,"80-82 Charles Street Charles Street, Leicester, LE1 1FB",78200
09061357,MCGROVE DEVELOPMENTS LIMITED,2024,,,2025-04-30,EMPLOYEE_TEST,,,active,england-wales,"Grenville Court, Britwell Road, Burnham, SL1 8DF",41100
14702578,MCGROVE DEVELOPMENTS TOPCO LIMITED,2024,,400676755.0,2025-04-30,EMPLOYEE_TEST,,,active,england-wales,"Grenville Court, Britwell Road, Burnham, SL1 8DF",96090
06778302,PAN-ASIA COMMUNITY HOUSING,2024,,,2025-03-31,EMPLOYEE_TEST,,,active,england-wales,"9 Herbert Road, Sandwell, B67 5DD",55900
12405240,PWC Midco Limited,2000,,32275000.0,31 March 2,EMPLOYEE_TEST,,,active,england-wales,"12-18 Grosvenor Gardens, 5th Floor, London, SW1W 0DH",64209
12405164,PWC Topco Limited,2000,,24194000.0,31 March 2,EMPLOYEE_TEST,,,active,england-wales,"12-18 Grosvenor Gardens, 5th Floor, London, SW1W 0DH",64209
09976204,TELUS Health (UK) Holdco Limited,2000,,123384000.0,2024-12-31,EMPLOYEE_TEST,,,active,england-wales,"54 Portland Place, London, W1B 1DY",78300
06655187,AVERY HOMES (NELSON) LIMITED,1699,81466698.0,12911650.0,2025-03-31,EMPLOYEE_TEST,,,active,england-wales,"3 Cygnet Drive, Swan Valley, Northampton, NN4 9BS",87300
11061429,Gov Facility Services Limited,1680,189407000.0,40161000.0,31 March 2,EMPLOYEE_TEST,,,active,england-wales,"102 Petty France, London, SW1H 9AJ",81100
14199213,HARBOUR HEALTHCARE GROUP LIMITED,1670,,6351811.0,,EMPLOYEE_TEST,,,active,england-wales,"The Lodge House, Dodge Hill, Stockport, SK4 1RD",96090
13236522,MORTLAKE HOLDINGS LIMITED,1559,41765855.0,1139454.0,31 March 2,EMPLOYEE_TEST,,,active,england-wales,"2-10 Laurel Grove, London, SE26 4JY",96090
05302971,CARE OUTLOOK LTD,1559,41765855.0,308313.0,31 March 2,EMPLOYEE_TEST,,,active,england-wales,"2-10 Laurel Grove, London, SE26 4JY",86900
09020971,COUNTRY COURT CARE HOMES 2 LIMITED,1498,63844055.0,170341578.0,,EMPLOYEE_TEST,,,active,england-wales,"C/O Duncan & Toplis Limited Enterprise Way, Pinchbeck, Spalding, PE11 3YR",87100;87300
NI038310,Eventsec Ltd,1392,,717224.0,31 March 2,EMPLOYEE_TEST,,,active,northern-ireland,"2 Queens Quay, Belfast, BT3 9QQ",80100
06195309,LAF HOLDINGS LTD AND SUBSIDIARIES,1251,,111202361.0,,EMPLOYEE_TEST,,,active,england-wales,"C/O Laf Holdings, The Mill,, Morton, Oswestry, Shropshire, SY10 8BH",70100
07864027,HARBOUR HEALTHCARE LTD,1234,,55600194.0,,EMPLOYEE_TEST,,,active,england-wales,"Lodge House, Dodge Hill, Stockport, SK4 1RD",86102
07565839,K G GROUNDWORKS LIMITED,1187,,7443.0,31 March 2,EMPLOYEE_TEST,,,active,england-wales,"1b The Svt Building, Holloway Road, Holloway Road, CM9 4ER",43999
00719446,Heygate and Sons Limited,1178,,21071864.0,,EMPLOYEE_TEST,,,active,england-wales,"Bugbrooke Mills, Bugbrooke, Northampton, NN7 3QH",10910
10483079,Restful Homes Group Ltd.,1146,67283966.0,260449814.0,2025-03-31,EMPLOYEE_TEST,,,active,england-wales,"Chester House, 388 Chester Road, Stonnall, WS9 9DE",82990
SC177939,ROSS-SHIRE ENGINEERING LIMITED,1127,,81041000.0,2025-03-31,EMPLOYEE_TEST,,,active,scotland,"Muir Of Ord Industrial Estate, Muir Of Ord, Ross-Shire, IV6 7UA",25110;28990;33200;43999
05380768,TOTAL CATERING SOLUTIONS RECRUITMENT LTD,1052,,54172.0,,EMPLOYEE_TEST,,,active,england-wales,"7 Lower Brook Street, Oswestry, SY11 2HG",78200
08982994,Berkeley Home Health Holdco Limited,1000,,1073000.0,2025-03-31,EMPLOYEE_TEST,,,active,england-wales,"Trinity Homecare Group, 1-15 Central Road, Worcester Park, KT4 8EG",86900
SC212151,Vigilant Protect UK Limited,933,37835539.0,100834.0,,EMPLOYEE_TEST,,,active,scotland,"1st Floor Left, 161 Brooms Road, Dumfries, DG1 2SH",80100
SC753198,M&W Security Limited,933,,6596680.0,,EMPLOYEE_TEST,,,active,scotland,"1st Floor Left, 161 Brooms Road, Dumfries, DG1 2SH",80100
03841043,SPLENDID.CO.UK LIMITED,910,,-44978.0,31/03/2025,EMPLOYEE_TEST,,,active,england-wales,"Studio 303 Edinburgh House, 170 Kennington Lane, London, SE11 5DP",56210;78200
13903815,VCMP UK LIMITED,899,72122857.0,-3416557.0,,EMPLOYEE_TEST,,,active,england-wales,"New Timber Yard, 1 Dimes Place, London, W6 0QR",78109;94110;97000
05333010,Deluxe Services Limited,889,,1997361.0,2025-03-31,EMPLOYEE_TEST,,,active,england-wales,"Ground Floor A4, The Vista Centre, Salisbury Road, Hounslow, TW4 6JQ",78109
01427132,AIM COMMERCIAL CLEANING LIMITED,860,16293099.0,3452216.0,31 March 2,EMPLOYEE_TEST,,,active,england-wales,"12 Hatherley Road, Sidcup, Kent, DA14 4DT",81210
09298295,AIM HOUSE INVESTMENTS LIMITED & SUBSIDIARY,860,16293099.0,3975018.0,31 March 2,EMPLOYEE_TEST,,,active,england-wales,"12 Hatherley Road, Sidcup, DA14 4DT",64301
12793914,GOBRANDS UK HOLDINGS LTD,842,101996176.0,3563943.0,2024-12-31,EMPLOYEE_TEST,,,active,england-wales,"48 Hoxton Square, London, N1 6PB",47110
03472296,BERKELEY SCOTT LIMITED,815,18033001.0,1203334.0,2024-12-31,EMPLOYEE_TEST,,,active,england-wales,"4th Floor, 19-21 Great Tower Street, London, EC3R 5AR",78200
07630156,Optalis Limited,805,57604132.0,66108.0,2025-03-31,EMPLOYEE_TEST,,,active,england-wales,"Trinity Court, Molly Millars Lane, Wokingham, RG41 2PY",86900;87300;88100
02907221,Ridge Crest Cleaning Limited,761,11695492.0,734300.0,,EMPLOYEE_TEST,,,active,england-wales,"Unit 3 Service House, 61/63 Rochester Road, Aylesford, ME20 7BS",81229
13484093,Ridge Crest Holdings Limited,761,,2078365.0,,EMPLOYEE_TEST,,,active,england-wales,"Unit 3 Service House, 61/63 Rochester Road, Aylesford, ME20 7BS",64209
13771306,ETHOS FARM HOLDINGS LIMITED,757,30252841.0,466414.0,31 Decembe,EMPLOYEE_TEST,,,active,england-wales,"2 Crossways Business Centre, Bicester Road, Kingswood, Aylesbury, HP18 0RA",64209
14251187,EFS Global Holdings Ltd,748,117888588.0,27429356.0,2025-03-31,EMPLOYEE_TEST,,,active,england-wales,"E F S Global, Pendle House, Phoenix Way, Burnley, BB11 5SX",49410
00455692,Fine Lady Bakeries Limited,739,163877195.0,43865028.0,,EMPLOYEE_TEST,,,active,england-wales,"Bugbrooke Mills, Bugbrooke, Northampton, NN7 3QH",10710
10378647,ETHOS FARM LIMITED,730,26571573.0,2930895.0,31 Decembe,EMPLOYEE_TEST,,,active,england-wales,"2 Crossways Business Centre, Bicester Road, Kingswood, Aylesbury, HP18 0RA",82990
11877576,Ensco 1330 Limited,726,,2700.0,,EMPLOYEE_TEST,,,active,england-wales,"Meridian House, Alexandra Dock North, Grimsby, DN31 3UA",64209
SC380772,TANZ LIMITED,666,,842261.0,2025-03-31,EMPLOYEE_TEST,,,active,scotland,"4d Auchingramont Road, Hamilton, ML3 6JT",96020
02367892,ANGLIA RUSKIN ENTERPRISE LTD,665,5074274.0,11040232.0,2025-07-31,EMPLOYEE_TEST,,,active,england-wales,"Bishop Hall Lane, Chelmsford, Essex, CM1 1SQ",85590
10487556,SUDHIR POWER (UK) LIMITED,647,,18140769.0,,EMPLOYEE_TEST,,,active,england-wales,"Unit 2 Charnwood Edge Business Park, Syston Road, Cossington, LE7 4UZ",46690
09826810,TRISTONE HEALTHCARE LIMITED,638,,53386.0,,EMPLOYEE_TEST,,,,,,
10668549,TRISTONE GROUP LTD,638,,509554.0,,EMPLOYEE_TEST,,,active,england-wales,"5 Brooklands Place, Brooklands Road, Sale, M33 3SD",64303
07061135,Day Webster Limited,626,,238373.0,,EMPLOYEE_TEST,,,active,england-wales,"Treviot House, 186-192 High Road, Ilford, IG1 1LR",78109
09147067,LYCA LEASING HOLDING LIMITED,612,,6518832.0,,EMPLOYEE_TEST,,,active,england-wales,"3rd Floor Walbrook Building, 195 Marsh Wall, London, E14 9SG",77390
12753911,EFS Investments Limited,575,84263348.0,25870959.0,2025-03-31,EMPLOYEE_TEST,,,active,england-wales,"Efs Global, Pendle House, Phoenix Way, Burnley, BB11 5SX",49410
11606364,VIBE RECRUIT LIMITED,541,16815909.0,20922.0,,EMPLOYEE_TEST,,,active,england-wales,"Unit 3a, Lakeside Court, Llantarnam Park, Cwmbran, NP44 3GA",70229;88100
10300839,PERSONAS GROUP LIMITED,539,,91.0,,EMPLOYEE_TEST,,,active,england-wales,"Bicester Innovation Centre 110 Commerce House, Telford Road, Bicester, OX26 4LD",64209
OC368517,WASSERMAN EMEA LLP,537,,16593000.0,2024-12-31,EMPLOYEE_TEST,,,active,england-wales,"71-91 7th Floor, Aldwych House, Aldwych, London, WC2B 4HN",
02698436,CUERDEN ESTATES LIMITED,528,30787225.0,13142710.0,,EMPLOYEE_TEST,,,active,england-wales,"Unit 6 Beecham Court, Pemberton, Wigan, WN3 6PR",42990
09229684,BABYLON HEALTHCARE SERVICES LIMITED,522,29285786.0,6904548.0,2024-12-31,EMPLOYEE_TEST,,,active,england-wales,"184 - 192 Drummond Street, London, NW1 3HP",86900
SC597416,WONDERWORLD HOLDINGS LTD,513,,201.0,,EMPLOYEE_TEST,,,active,scotland,"Oakfield House, 378 Brandon Street, Motherwell, ML1 1XA",96090
04673404,4th Dimension Innovation Limited,501,85921545.0,7412845.0,2025-03-31,EMPLOYEE_TEST,,,active,england-wales,"5 Alpha Way, Thorpe Industrial Estate, Egham, TW20 8RZ",66290
12018020,GLANSO UK LIMITED,500,,2839359.0,31/03/2025,EMPLOYEE_TEST,,,active,england-wales,"Atherton House, Hollybush Lane, Bristol, BS9 1JB",86220
02358974,Ovalseal Limited,489,,30004.0,,EMPLOYEE_TEST,,,active,england-wales,"6-8 Old Hall Road, Gatley, Cheadle, Cheshire, SK8 4BE",70100
09501942,ASSOCIATED CONTINUITY TEAMS HOLDINGS LIMITED,479,,-107661.0,,EMPLOYEE_TEST,,,active,england-wales,"Wg01 Vox Studios 1-45 Durham Street, Vauxhall, London, SE11 5JH",82990
NI055050,MANFREIGHT LIMITED,478,77760053.0,49550185.0,2025-03-31,EMPLOYEE_TEST,,,active,northern-ireland,"Unit 4 2a Carn Court Road, Portadown, Craigavon, BT63 5YX",49410
05807304,ASSOCIATED CONTINUITY TEAMS LIMITED,477,8670099.0,189341.0,,EMPLOYEE_TEST,,,active,england-wales,"Wg01 Vox Studios 1-45 Durham Street, Vauxhall, London, SE11 5JH",96090
14221255,NANTSTREAM LIMITED,476,,19607014.0,,EMPLOYEE_TEST,,,active,england-wales,"Lbs Business Centre, Parc Amanwy, Ammanford, SA18 3FE",64209
08131752,DOMINO'S PIZZA WEST COUNTRY LIMITED,472,15853383.0,2773034.0,,EMPLOYEE_TEST,,,active,england-wales,"C/O Cooper Parry Sky View Argosy Road, East Midlands Airport, Derby, DE74 2SA",56103
07886297,Michels and Taylor (London) Limited,462,28991329.0,2276921.0,31 March 2,EMPLOYEE_TEST,,,active,england-wales,"Suite 3 Caspian House, The Waterfront, Elstree Road, WD6 3BS",96090
05719828,WORKCHAIN LTD,458,13153950.0,20940.0,2025-03-31,EMPLOYEE_TEST,,,active,england-wales,"Ely House, Wyvern Business Park, Stephensons Way, Derby, DE21 6LY",78200
10471893,N W E S Group Ltd,454,,5000.0,,EMPLOYEE_TEST,,,active,england-wales,"Unit 5a Longton Business Park Station Road, Little Hoole, Preston, PR4 5LE",64209
13961990,Hunt4Enterprises Ltd,454,,203559.0,2025-03-31,EMPLOYEE_TEST,,,active,england-wales,"23-25 Foxes Bridge Road, Forest Vale Industrial Estate, Cinderford, GL14 2PQ",78200
01365921,Braymale Limited,454,9864318.0,3705633.0,,EMPLOYEE_TEST,,,active,england-wales,"Unit 5a Longton Business Park Station Road, Little Hoole, Preston, PR4 5LE",77120;78109
03253377,COUNTRY COURT CARE HOMES LIMITED,454,18891316.0,48148523.0,,EMPLOYEE_TEST,,,active,england-wales,"C/O Duncan & Toplis Limited Enterprise Way, Pinchbeck, Spalding, PE11 3YR",87100;87300;88990
09188192,So Far Ltd,452,,38211.0,2025-03-31,EMPLOYEE_TEST,,,active,england-wales,"Halpern House, 1 Hampshire Terrace, Portsmouth, PO1 2QF",56210;78200
09442336,Community Lives Consortium,448,,1369495.0,,EMPLOYEE_TEST,,,active,wales,"24 Walter Road, Swansea, SA1 5NN",87200
06323326,CAREPOINT SERVICES LIMITED,440,,540297.0,31 March 2,EMPLOYEE_TEST,,,active,england-wales,"168 Church Road, Hove, BN3 2DL",88100
14199715,HARBOUR HEALTHCARE HOLDINGS LTD,439,,1500009.0,,EMPLOYEE_TEST,,,active,england-wales,"The Lodge House, Dodge Hill, Stockport, SK4 1RD",96090
13797930,Emscott Holdings Limited,438,,7445141.0,,EMPLOYEE_TEST,,,active,england-wales,"238 Station Road, Addlestone, KT15 2PS",87300
11158928,Acorns (Holdings) Limited,432,14668180.0,8662861.0,31 March 2,EMPLOYEE_TEST,,,active,england-wales,"7 Park Grove, Cathays, Cardiff, CF10 3BJ",82990
03023352,Acorns Nurseries Limited,432,14668180.0,6540556.0,31 March 2,EMPLOYEE_TEST,,,active,england-wales,"7 Park Grove, Cathays, Cardiff, CF10 3BJ",88910
13722151,Premium Care Group Limited,432,21269259.0,17207262.0,31 March 2,EMPLOYEE_TEST,,,active,england-wales,"3rd Floor, Marlborough House, 298 Regents Park Road, London, N3 2SZ",87300
12979708,Brimhams Active Limited,430,,-627401.0,,EMPLOYEE_TEST,,,active,england-wales,"Civic Centre, St. Lukes Avenue, Harrogate, HG1 2AE",94990
04156069,MGF LIMITED,429,,70436833.0,,EMPLOYEE_TEST,,,active,england-wales,"Grant House South Lancashire, Ind Est Lockett Road, Ashton In Makerfield Wigan, WN4 8DE",70100
06868508,Cleanscapes Limited,420,16416766.0,638360.0,31 March 2,EMPLOYEE_TEST,,,active,england-wales,"Cleanscapes Ltd Coles Lane, Ockley, Dorking, RH5 5HW",81210;81222;81229;81299
12411111,Sierra 1 Security Stewarding Ltd,416,,281770.0,2025-03-31,EMPLOYEE_TEST,,,active,england-wales,"The Old Fire Station, Darnall Road, Sheffield, S9 5AF",80100
11797247,ZAM FM LTD,410,,811818.0,,EMPLOYEE_TEST,,,active,england-wales,"1b First Floor, Bank House The Paddock, Handforth, Wilmslow, SK9 3HQ",81100
01555887,Solomon Commercials Limited,408,76841676.0,2661599.0,30 April 2,EMPLOYEE_TEST,,,active,england-wales,"Knowsley Road Industrial Estate, Haslingden, Rossendale, BB4 4RX",29201
09426027,Accept Recruitment Ltd,408,11681989.0,126344.0,31 March 2,EMPLOYEE_TEST,,,active,england-wales,"Units 3 And 4 Forest Business Park, Oswin Road, Leicester, LE3 1HR",78200
10834427,Acacia Care Investments Ltd,406,36441153.0,1363109.0,2025-03-31,EMPLOYEE_TEST,,,active,england-wales,"Argyle House, Joel Street, Northwood, HA6 1NW",87300
15986160,WORKCHAIN HOLDINGS LTD,406,,2138970.0,2025-03-31,EMPLOYEE_TEST,,,active,england-wales,"Ely House Stephensons Way, Chaddesden, Derby, DE21 6LY",78200
12210720,CLARITY UMBRELLA LTD,399,49911780.0,436236.0,,EMPLOYEE_TEST,,,active,england-wales,"2 Appletree Barns Folly Lane, Copdock, Ipswich, IP8 3JQ",82990
13843726,Enimed (Holdings) Limited,395,64956241.0,22778811.0,2025-03-31,EMPLOYEE_TEST,,,active,england-wales,"109-111 Field End Road, Eastcote, HA5 1QG",64209
08965397,The Care And Support Group Ltd,386,,250424.0,31 March 2,EMPLOYEE_TEST,,,active,england-wales,"The Royal, Front Street, Stanley, DH9 0JQ",87300
11621575,EFS Global Limited,386,63367134.0,14443352.0,2025-03-31,EMPLOYEE_TEST,,,active,england-wales,"Efs Global, Pendle House, Phoenix Way, Burnley, BB11 5SX",64209
11810616,TAKEQUADRANTON. LTD,380,,515215.0,2025-03-31,EMPLOYEE_TEST,,,active,england-wales,"16 Great Queen Street, London, WC2B 5AH",78300
05963017,Trustcare Management Limited,379,,299217.0,,EMPLOYEE_TEST,,,active,england-wales,"319b Walton Road, West Molesey, KT8 2QG",87900
06052757,Sefton New Directions Limited,376,11460364.0,1495148.0,2025-03-31,EMPLOYEE_TEST,,,active,england-wales,"1st Floor, Magdalen House, 30 Trinity Road, Bootle, L20 3NJ",88100
09198035,Positive Individual Proactive Support Limited,373,13324933.0,592634.0,2025-03-31,EMPLOYEE_TEST,,,active,england-wales,"Endeavour House Ellerbeck Way, Stokesley, Middlesbrough, TS9 5JZ",86900
13688955,Hamburg Topco Limited,373,49586130.0,26795610.0,2025-03-31,EMPLOYEE_TEST,,,active,england-wales,"Ground Floor Interchange, 81-85 Station Road, Croydon, CR0 2RD",64209
03041366,BCH CARE LIMITED,373,16070100.0,786249.0,2025-03-31,EMPLOYEE_TEST,,,active,england-wales,"130 Aztec West, Almondsbury, Bristol, BS32 4UB",87100
13689209,Hamburg Bidco Limited,373,49586130.0,26795610.0,2025-03-31,EMPLOYEE_TEST,,,active,england-wales,"Ground Floor Interchange, 81-85 Station Road, Croydon, CR0 2RD",64209
08030655,Taurus Healthcare Ltd,367,,2981844.0,,EMPLOYEE_TEST,,,active,england-wales,"Nelson House, Whitecross Road, Hereford, HR4 0DG",86210
09049900,Silver Birch Care (Holdings) Limited,364,,20060426.0,,EMPLOYEE_TEST,,,active,england-wales,"212 Ballards Lane, Sbch House, London, N3 2LX",64209
11608944,TINIES LONDON & INTERNATIONAL LTD,361,,282342.0,,EMPLOYEE_TEST,,,active,england-wales,"50 Seymour Street, London, W1H 7JG",78200;78300
10644283,NEWYDD CATERING & CLEANING LIMITED,360,,79936.0,2025-03-31,EMPLOYEE_TEST,,,active,england-wales,"County Hall, Raikes Lane, Mold, CH7 6ND",56290;96090
04542522,Ksb Recruitment Consultants Limited,360,,21771.0,29 June 20,EMPLOYEE_TEST,,,active,england-wales,"Ksb Recruitment Consultants Ltd Regus, Central Boulevard, Solihull, B90 8AG",78200
03198769,A1 PERSONNEL EMPLOYMENT AGENCY LTD,360,9879616.0,2466629.0,,EMPLOYEE_TEST,,,active,england-wales,"162-164 High Street, Rayleigh, SS6 7BS",78200
06817611,2 AM Management Company Limited,356,24118545.0,3433726.0,2025-04-06,EMPLOYEE_TEST,,,active,england-wales,"Stanton Building Colliery Lane, Thurnscoe, Rotherham, S63 0JF",70100
06526813,FOCUS CARE SUPPORTED LIVING LTD,356,15506369.0,2246434.0,,EMPLOYEE_TEST,,,active,england-wales,"319b Walton Road, West Molesey, KT8 2QG",86102
08721041,Country Village Inns Ltd,354,,472143.0,31 March 2,EMPLOYEE_TEST,,,active,england-wales,"22 High Street, Ingleton, Carnforth, LA6 3AD",55100
01201823,ENDERSHAM LIMITED,351,,412756.0,2025-03-31,EMPLOYEE_TEST,,,active,england-wales,"14th Floor 33 Cavendish Square, London, W1G 0PW",81210
14730498,LMRK PROPERTIES LTD,350,,350.0,31 March 2,EMPLOYEE_TEST,,,active,england-wales,"40 Oakfield Gardens, Greenford, UB6 8SD",68100;68209
09519658,ROTHERWOOD GROUP LIMITED,349,,12485536.0,,EMPLOYEE_TEST,,,active,england-wales,"C/O M H A Macintyre Hudson, 11 Merus Court, Leicester, LE19 1RJ",64209
15754458,TRANSPORT MADE SIMPLE LIMITED,349,,7899999.0,,EMPLOYEE_TEST,,,active,england-wales,"29 Arboretum Street, Nottingham, NG1 4JA",64209
09964786,CENTRAL CONNECT TRANSPORT LIMITED,347,,16449886.0,,EMPLOYEE_TEST,,,active,england-wales,"29 Arboretum Street, Nottingham, NG1 4JA",49390;70229
03761935,MAUVE CORPORATE SYSTEMS UK LIMITED,347,31402764.0,77185.0,2024-12-31,EMPLOYEE_TEST,,,active,england-wales,"Blake House, 18 Blake Street, York, YO1 8QG",70229
04120661,Moorview Care Limited,345,,2335878.0,31 March 2,EMPLOYEE_TEST,,,active,england-wales,"107 Cleethorpe Road, Grimsby, North East Lincolnshire, DN31 3ER",96090
10090444,ASH GROUP (UK) LIMITED,344,,12075346.0,,EMPLOYEE_TEST,,,active,england-wales,"The Mill, Morton, Oswestry, SY10 8BH",38110
NI037518,COMBINED FACILITIES MANAGEMENT LTD,344,57433240.0,1821646.0,,EMPLOYEE_TEST,,,active,northern-ireland,"65 Deerpark Road, Leitrim, Castledawson, BT45 8BS",43999
12369890,CAPULET HOLDINGS LIMITED,344,,16470478.0,,EMPLOYEE_TEST,,,active,england-wales,"Perton Manor, Wrottesley Park Road, Perton, WV8 2HE",64209
NI036860,LEITRIM HOLDINGS LIMITED,344,,5796958.0,,EMPLOYEE_TEST,,,active,northern-ireland,"65 Deerpark Road, Leitrim, Castledawson, BT45 8BS",68209
04725724,Borderbrite Limited,338,,934695.0,2025-03-31,EMPLOYEE_TEST,,,active,england-wales,"Unit 2 Church Street, Caldewgate, Carlisle, CA2 5TJ",81299
NI649775,Dunluce Healthcare Ltd,337,12081801.0,556714.0,31 Decembe,EMPLOYEE_TEST,,,active,northern-ireland,"2nd Floor, 14-16 Shore Road, Holywood, BT18 9HX",86102;87100
03940981,RAPID EMPLOYMENT AND RECRUITMENT LIMITED,335,,775922.0,2025-03-31,EMPLOYEE_TEST,,,active,england-wales,"33a Regal Road, Wisbech, Cambridgeshire, PE13 2RQ",82990
09687256,BJF GROUP LIMITED,333,,10005.0,,EMPLOYEE_TEST,,,active,england-wales,"Abbey Court Boarley Lane, Sandling, Maidstone, ME14 3DD",41100
06056699,BJF CONNECTIONS LTD,333,68486214.0,4602911.0,,EMPLOYEE_TEST,,,active,england-wales,"Abbey Court, Boarley Lane, Maidstone, ME14 3DD",43210;43220;43290;43390
15224566,MOUNTJOY HOLDINGS LIMITED,333,,5160576.0,,EMPLOYEE_TEST,,,active,england-wales,"Fairfield House, 47-51 Kingston Crescent, Portsmouth, PO2 8AA",81100
09962909,Rochmills (Holdings) Ltd,328,12839917.0,44059285.0,31 Decembe,EMPLOYEE_TEST,,,active,england-wales,"Burlington House, 369 Wellingborough Road, Northampton, NN1 4EU",64209
03076063,Saka Indonesia Pangkah Limited,327,154028000.0,155768000.0,31 Decembe,EMPLOYEE_TEST,,,active,england-wales,"7th Floor 50 Broadway, London, SW1H 0DB",06100;06200
11263567,Kirklands Care Limited,326,,12742879.0,,EMPLOYEE_TEST,,,active,england-wales,"238 Station Road, Addlestone, KT15 2PS",87300
01660972,WINDSOR HOLDINGS LIMITED,326,21631889.0,5871318.0,2025-03-31,EMPLOYEE_TEST,,,active,england-wales,"Foxhills, Ottershaw, Surrey, KT16 0EL",93110
10072435,Boluda Towage UK Ltd,323,,86769199.0,,EMPLOYEE_TEST,,,active,england-wales,"Unit 40 Dunes Way, Wellington Employment Park, Liverpool, L5 9RJ",70100
09784762,COUNTRY COURT CARE HOMES 3 OPCO LIMITED,323,16563113.0,11287697.0,,EMPLOYEE_TEST,,,active,england-wales,"C/O Duncan & Toplis Limited Enterprise Way, Pinchbeck, Spalding, PE11 3YR",87100;87300
05044268,FC Summerhill NH Ltd,322,12504280.0,11283035.0,31 March 2,EMPLOYEE_TEST,,,active,england-wales,"C/O Millheath Nursing Home, Parret Road, Bettws, NP20 7DQ",87100
06646129,SR Facilities Group Ltd,320,,39868.0,2025-03-31,EMPLOYEE_TEST,,,active,england-wales,"16 Waters Edge Business Park, Modwen Road, Salford, M5 3EZ",80100
10664067,New Concept Security Ltd,320,,397957.0,2025-10-31,EMPLOYEE_TEST,,,active,england-wales,"Professional Security Mayflower House, 14, Pontefract Road, Leeds, LS10 1TB",80100
08924556,Premium Care Solutions Limited,320,,69096.0,31 March 2,EMPLOYEE_TEST,,,active,england-wales,"5 Acorn Close, Barton Seagrave, Kettering, NN15 6BW",86900
02406224,Translux International Limited,317,,23610855.0,2024-12-31,EMPLOYEE_TEST,,,active,england-wales,"Unit 5-7 Court Lane Industrial Estate, Court Lane, Iver, SL0 9HL",59111
03087327,Atlantic Cleaning Services Limited,314,,394267.0,2025-03-31,EMPLOYEE_TEST,,,active,england-wales,"Lawford House, Albert Place, London, N3 1QA",81210;81299
04335541,CITY & COUNTY CARE SERVICES LIMITED,314,9895167.0,20554.0,,EMPLOYEE_TEST,,,active,england-wales,"Hamilton Office Park, 31 High View Close, Leicester, LE4 9LJ",86900
01837621,HEALTH LIMITED,314,9988307.0,6614907.0,31 March 2,EMPLOYEE_TEST,,,active,england-wales,"Suite 2, 23-24 Great James Street, London, WC1N 3ES",86900
03665746,I.C.S. (UK) Limited,313,172054186.0,4498635.0,,EMPLOYEE_TEST,,,active,england-wales,"Neville Road, Bradford, West Yorkshire, BD4 8TU",46390
13165982,ICS UK (1976) Limited,313,,15544325.0,,EMPLOYEE_TEST,,,active,england-wales,"Neville Road, Bradford, BD4 8TU",64209
03138503,PLANNING SOLUTIONS LIMITED,312,,2971901.0,,EMPLOYEE_TEST,,,active,england-wales,"1 Chilworth Road, Southampton, SO16 7JQ",93290
08140845,Provenance Brands Limited,312,22153073.0,4118393.0,30 June 20,EMPLOYEE_TEST,,,active,england-wales,"Ocean House Lower Quay, Gweek, Helston, TR12 6UD",56290
12213029,SWISCO LIMITED,310,24895221.0,5186106.0,2025-03-31,EMPLOYEE_TEST,,,active,england-wales,"Town Hall, Castle Circus, Torquay, TQ1 3DR",38110;81299;82990
11972429,Orient Industrial Holdings Limited,309,56472904.0,17394377.0,2025-03-31,EMPLOYEE_TEST,,,active,england-wales,"C/O Bissell & Brown Charter House, 56 High Street, Sutton Coldfield, B72 1UJ",64209
10717369,Regency Soft Services Limited,309,,2848657.0,2025-03-31,EMPLOYEE_TEST,,,active,england-wales,"21-24 Millbank Tower, 17th Floor, London, SW1P 4QP",68320
NI067491,AROUND NOON LIMITED,307,26378870.0,2651386.0,2024-12-31,EMPLOYEE_TEST,,,active,northern-ireland,"24a Greenbank Industrial Estate, Rampart Road, Newry, BT34 2QU",46390;47290
07108341,Go Languages World Wide Limited,305,,2578.0,31 March 2,EMPLOYEE_TEST,,,active,england-wales,"1st Floor, 87/89 High Street, Hoddesdon, EN11 8TL",85590
02101313,SEYMOUR HOUSE LTD.,305,13289230.0,183732.0,2025-03-31,EMPLOYEE_TEST,,,active,england-wales,"140 Broomfield Road, Chelmsford, CM1 1RN",85100
13749536,Plymouth Active Leisure Limited,304,,-307263.0,2025-03-31,EMPLOYEE_TEST,,,active,england-wales,"Ballard House, West Hoe Road, Plymouth, PL1 3BJ",93110;93120
01967787,IT Luggage Limited,303,146067426.0,8405441.0,31 March 2,EMPLOYEE_TEST,,,active,england-wales,"Luggage House, The Chase, Foxholes Business Park,, Hertford, SG13 7NN",46900
11000891,Rock Compliance Holdings Limited,303,19781663.0,4187325.0,2025-03-31,EMPLOYEE_TEST,,,active,england-wales,"Unit 2, 10 Tything Road West, Arden Forest Industrial Estate, Alcester, B49 6EP",64303
02793994,AERO FABRICATIONS LIMITED,300,27916618.0,18195558.0,,EMPLOYEE_TEST,,,active,england-wales,"Common Lane, Watnall, Nottingham, NG16 1HA",25990
07034946,Malling Health (UK) Limited,300,30077243.0,833205.0,2025-03-31,EMPLOYEE_TEST,,,active,england-wales,"Onyx 12, Little Park Farm Rd Segensworth Roundabout, West, Fareham, PO15 5TD",82990
06293176,HBG LIMITED,299,,1154704.0,2025-03-31,EMPLOYEE_TEST,,,active,england-wales,"Gale Farm Surgery 109-119 Front Street, Acomb, York, YO24 3BU",82990;86210;86900
03040310,Island Healthcare Limited,299,,725831.0,,EMPLOYEE_TEST,,,active,england-wales,"Northbrooke House Main Road, Havenstreet, Ryde, PO33 4DR",87100;87300
04394106,VALLI FORECOURTS LIMITED,297,,64980705.0,2025-03-31,EMPLOYEE_TEST,,,active,england-wales,"44 Warren Street, Savile Town, Dewsbury, WF12 9LX",47300
13282015,HR Employment Ltd,294,,102742.0,2025-03-31,EMPLOYEE_TEST,,,active,england-wales,"23-25 Foxes Bridge Road, Forest Vale Industrial Estate, Cinderford, GL14 2PQ",78109
11138134,Lord's Care Recruit Limited,294,,218139.0,31 March 2,EMPLOYEE_TEST,,,active,england-wales,"Office 8,Unit 2 Old Whieldon Road Business Centre, Old Whieldon Road, Stoke-On-Trent, ST4 4HW",78200
SC425646,CONTRACTPOD TECHNOLOGIES LIMITED,293,,17333415.0,,EMPLOYEE_TEST,,,active,scotland,"Savoy Tower, 77 Renfrew Street, Glasgow, G2 3BZ",82990
09960882,NOTTINGHAM CITY GP ALLIANCE LIMITED,293,14284248.0,117258.0,2025-03-31,EMPLOYEE_TEST,,,active,england-wales,"Nhs Upper Parliament Street, 79a Upper Parliament Street, Nottingham, NG1 6LD",86210
02111794,KEITH PATTINSON LIMITED,291,20378880.0,3525659.0,2024-12-31,EMPLOYEE_TEST,,,active,england-wales,"Mercantile House, Silverlink, Wallsend, NE28 9NY",68310;68320
07065923,GREENWICH SERVICE PLUS LIMITED,291,24881586.0,11559315.0,,EMPLOYEE_TEST,,,active,england-wales,"Room 102, Birchmere Business Site Eastern Way, Thamesmead, London, SE28 8BF",45200;49390;62030;80200
07174215,HR FACILITIES LTD,290,78441549.0,482335.0,2025-03-31,EMPLOYEE_TEST,,,active,england-wales,"Unit 201 Portsoken House, 155-157 Minories, London, EC2N 1LJ",81100
06281747,Enimed Limited,290,50634795.0,20789987.0,2025-03-31,EMPLOYEE_TEST,,,active,england-wales,"109-111 Field End Road, Eastcote, HA5 1QG",47730
07384595,THE ISLINGTON GP GROUP LIMITED,289,,70951.0,2025-04-05,EMPLOYEE_TEST,,,active,england-wales,"Unit 16- 18 The Studios 8 Hornsey Street, London, N7 8EG",86210
08705643,Knowledge Transfer Network Limited,288,36647452.0,8725222.0,2025-03-31,EMPLOYEE_TEST,,,active,england-wales,"Suite 218, Business Design Centre 52 Upper Street, Islington, London, N1 0QH",74909
12973716,North Somerset Environment Company Limited,288,20520738.0,-846442.0,2025-03-31,EMPLOYEE_TEST,,,active,england-wales,"Unit 6 Westland Business Centre, Winterstoke Road, Weston-Super-Mare, BS24 9AD",38110;38120;39000;42110
10365213,SAKINAS HEALTHCARE LIMITED,287,,71299.0,31 March 2,EMPLOYEE_TEST,,,active,england-wales,"620 Manchester Road, Westhoughton, Bolton, BL5 3JD",88100
01780818,Allan Webb Ltd,286,18902855.0,159030.0,,EMPLOYEE_TEST,,,active,england-wales,"Red Lodge, Bonds Mill Estate, Stonehouse, GL10 3RF",58110
SC700503,SGD Management Limited,285,,3425.0,31 March 2,EMPLOYEE_TEST,,,active,scotland,"C/O Gilson Gray Llp, 160 West George Street, Glasgow, G2 2HG",96090
08817509,GR8CONNECT LTD,285,,4000.0,31 Decembe,EMPLOYEE_TEST,,,active,england-wales,"2 The Future Works, Brunel Way, Slough, SL1 1FQ",78200
NI615459,ADVANCED CARE (NI) LTD,284,,1207918.0,31 March 2,EMPLOYEE_TEST,,,active,northern-ireland,"Unit 2a Ballinderry Business Park, 58 Ballinderry Road, Lisburn, BT28 2SA",88100
08798304,SureStaffing UK Limited,283,,312146.0,,EMPLOYEE_TEST,,,active,england-wales,"21 Hessle Road, Hull, HU3 2AA",78200
12521437,A E Stuart Limited,282,101847115.0,99940055.0,31 March 2,EMPLOYEE_TEST,,,active,england-wales,"Hill Barton Business Park Sidmouth Road, Clyst St. Mary, Exeter, EX5 1DR",64201
10375720,Ingleton Wood Services Limited,279,17588346.0,2518645.0,,EMPLOYEE_TEST,,,active,england-wales,"The Loom, Gowers Walk, London, E1 8PY",82990
04907778,OLDFIELD RESIDENTIAL CARE LTD,279,,4028282.0,,EMPLOYEE_TEST,,,active,england-wales,"5 The Quadrant, Coventry, West Midlands, CV1 2EL",87300
04076270,WHITELODGE ALVELEY LIMITED,279,,1625237.0,,EMPLOYEE_TEST,,,active,england-wales,"5 The Quadrant, Coventry, West Midlands, CV1 2EL",87300
02235387,TURLEY ASSOCIATES LIMITED,278,,734803.0,,EMPLOYEE_TEST,,,active,england-wales,"Level 5 Transmission 6 Atherton Street, St John's Enterprise City, Manchester, M3 3GS",71112
OC306572,Ingleton Wood LLP,274,,940879.0,31 March 2,EMPLOYEE_TEST,,,active,england-wales,"The Loom, Gowers Walk, London, E1 8PY",
13045458,COUNTRY COURT CARE HOMES 7 OPCO LIMITED,273,13085873.0,3659265.0,,EMPLOYEE_TEST,,,active,england-wales,"C/O Duncan & Toplis Limited Enterprise Way, Pinchbeck, Spalding, PE11 3YR",87300
03795153,MSG Contracts Limited,273,,101917.0,31 July 20,EMPLOYEE_TEST,,,active,england-wales,"Units 2/3 Zone D, Chelmsford Road Industrial Estate, Great Dunmow, CM6 1XG",81210
07474135,Nationwide Healthcare Providers Limited,272,30207997.0,8188492.0,,EMPLOYEE_TEST,,,active,england-wales,"New Brook House 385 Alfreton Road, 2nd Floor, Nottingham, NG7 5LR",86230
04679678,Principal Medical Limited,270,15563003.0,1183185.0,2025-03-31,EMPLOYEE_TEST,,,active,england-wales,"3 Barberry Place, Bicester, OX26 3HA",86210
06878814,HEALTHY RETAIL LIMITED,269,23552820.0,2792308.0,2024-12-26,EMPLOYEE_TEST,,,active,england-wales,"100 Moorgate, London, EC2M 6AB",56102;56210
00215444,BOYS & BODEN LIMITED,269,46409712.0,29838423.0,2025-03-31,EMPLOYEE_TEST,,,active,england-wales,"British Sawmills, Welshpool, Powys, SY21 7BL",32990;46730;46740;47520
05872949,CONNISTON CARE LIMITED,268,,8225629.0,,EMPLOYEE_TEST,,,active,england-wales,"The Dairy Criftin Enterprise Centre, Oxton Road, Nottingham, NG14 6AT",87300
03818424,WATERSTONS LIMITED,267,,353232.0,2025-06-30,EMPLOYEE_TEST,,,active,england-wales,"Liddon Court, Aykley Heads, Durham, DH1 5TS",62012;62020;62030;62090
06867999,GBA Technical Services Limited,266,12563977.0,2831827.0,,EMPLOYEE_TEST,,,active,england-wales,"Meridian House, Alexandra Dock North, Grimsby, DN31 3UA",52103
13860981,T4C Ltd,265,,-3495.0,31 March 2,EMPLOYEE_TEST,,,active,england-wales,"15 Wrens Court, Lower Queen Street, Sutton Coldfield, B72 1RT",78200
13386861,SDHUK OWNER LTD,264,,28789506.0,2024-12-31,EMPLOYEE_TEST,,,active,england-wales,"C/O Csc Cls (Uk) Limited 5 Churchill Place, 10th Floor, London, E14 5HU",64209
05490377,Ganymede Care Limited,263,14195010.0,19571110.0,31 March 2,EMPLOYEE_TEST,,,active,england-wales,"1 Battersea Square, London, SW11 3RZ",87100
13236458,Premier Recruitment Group Limited,263,,13131.0,31 March 2,EMPLOYEE_TEST,,,active,england-wales,"2 Banks Place, Dartford, DA1 1EX",78109
03031072,Filco Supermarkets Limited,262,23449707.0,8728308.0,,EMPLOYEE_TEST,,,active,england-wales,"19 Boverton Road, Llantwit Major, South Glamorgan, CF61 1XZ",47110
NI051219,Dowds Electrical (Holdings) Limited,262,65329771.0,4763224.0,31 March 2,EMPLOYEE_TEST,,,active,northern-ireland,"4 Parkway, Ballymena, BT43 5ET",74990
NI032483,J.F. & H. Dowds Limited,262,65329771.0,4763224.0,2025-03-31,EMPLOYEE_TEST,,,active,northern-ireland,"4 Parkway, Ballymena, BT43 5ET",41201
09962699,Adara Group Limited,261,,19618455.0,,EMPLOYEE_TEST,,,,,,
08444296,Sweeptech Environmental Services Limited,261,,13102408.0,,EMPLOYEE_TEST,,,active,england-wales,"Sweeptech House London Road, Hickstead, Haywards Heath, RH17 5LZ",96090
NI043594,Scotts Bakery Limited,261,39889620.0,7690339.0,31 March 2,EMPLOYEE_TEST,,,active,northern-ireland,"169 Ballagh Road, Fivemiletown, Co. Tyrone, BT75 0QP",10710
12055095,Bubble Citea Ltd,260,,1043012.0,31 Decembe,EMPLOYEE_TEST,,,active,england-wales,"5 Interchange Park, Robinson Way, Portsmouth, PO3 5QD",47250
15295312,Agency CMG Limited,260,,,2025-03-31,EMPLOYEE_TEST,,,active,england-wales,"39 Long Acre, London, WC2E 9LG",59113
04117031,Lindel Services Limited,260,,797938.0,31 March 2,EMPLOYEE_TEST,,,active,england-wales,"Bruce Allen Llp Ground Floor Suite Crown House, 40 North Street, Hornchurch, RM11 1EW",49390
04400659,Select Support Partnerships Ltd,259,,69231.0,31 March 2,EMPLOYEE_TEST,,,active,england-wales,"Regent House, Regent Street, Blackburn, Lancashire, BB1 6BH",88100
06521256,Office Space in Town Limited,259,26102176.0,165647358.0,31 March 2,EMPLOYEE_TEST,,,active,england-wales,"10 Canberra House, Corbygate Business Park, Corby, NN17 5JG",68100;68209;68320;82990
05883787,Pride Management Service Limited,259,,426291.0,2025-03-31,EMPLOYEE_TEST,,,active,england-wales,"Suite 50a Windmill Centre, Windmill Lane, Southall, UB2 4NJ",62020;78109;78200
05235361,THE SOHO SANDWICH COMPANY LTD,259,30180809.0,1541292.0,2024-12-31,EMPLOYEE_TEST,,,active,england-wales,"Unit 7 Advent Business Park, Advent Way, London, N18 3AL",10890;56210
NI657495,Clover Pubs Holdings NI Limited,258,17110954.0,6935699.0,31 Decembe,EMPLOYEE_TEST,,,active,northern-ireland,"Aisling House 50 Stranmillis Embankment, Belfast, BT9 5FL",64209
15391727,ICEKING GROUP LTD,258,,200.0,,EMPLOYEE_TEST,,,active,england-wales,"167-169 Great Portland Street, Fifth Floor, London, W1W 5PF",64209
12336824,HARBOUR HEALTHCARE SW LIMITED,257,,-313167.0,,EMPLOYEE_TEST,,,active,england-wales,"The Lodge House, Dodge Hill, Stockport, SK4 1RD",87100
13612105,OVM Holdings Ltd,257,,4002.0,,EMPLOYEE_TEST,,,active,england-wales,"19 Leyden Street, London, E1 7LE",64209
06194579,ECMS Services Ltd,256,13999617.0,181371.0,31 March 2,EMPLOYEE_TEST,,,active,england-wales,"Anchor And Hope House South Ash Road, Ash, Sevenoaks, TN15 7ER",81299
04423982,SKF. Lo (Chemists) Limited,256,30699381.0,16558613.0,,EMPLOYEE_TEST,,,active,england-wales,"Unit 5 Farfield Park, Manvers Way, Manvers, Rotherham, S63 5DB",47730
04646947,ALBANY CLEANING SOLUTIONS LTD,256,,68164.0,31 March 2,EMPLOYEE_TEST,,,active,england-wales,"376 Newport Road, Cardiff, CF23 9AE",96090
NI686297,H&J MARTIN GROUP LIMITED,256,,5000002.0,,EMPLOYEE_TEST,,,active,northern-ireland,"Rosemount House, 21-23 Sydenham Road, Belfast, BT3 9HA",41100;43999
04933418,DRAIN LINE SOUTHERN LIMITED,255,22852067.0,4564550.0,,EMPLOYEE_TEST,,,active,england-wales,"Preston Park House, South Road, Brighton, BN1 6SB",36000;43390
03534122,PRE-CONSTRUCT ARCHAEOLOGY LIMITED,255,15086503.0,222843.0,2025-03-31,EMPLOYEE_TEST,,,active,england-wales,"Unit 54, Brockley Cross Business Centre, 96 Endwell Road, Brockley, SE4 2PD",82990
NI637100,Care Plus (N.I.) Ltd,255,,66447.0,,EMPLOYEE_TEST,,,active,northern-ireland,"Unit 62 & 63 Enniskillen Business Centre, 21 Lackaboy Road, Enniskillen, BT74 4RL",88100
07180998,ZED 1 ENTERPRISES LIMITED,253,11952294.0,1440301.0,,EMPLOYEE_TEST,,,active,england-wales,"736 High Road, North Finchley, London, N12 9QD",56102
07543597,A QUALITY SERVICE LIMITED,252,4498761.0,3604000.0,2024-12-31,EMPLOYEE_TEST,,,active,wales,"Atlas House, 24 Phillip Street, Newport, NP19 0EE",81221;81222;81229;81299
13874055,Estel Media Holdco Limited,251,,9406000.0,,EMPLOYEE_TEST,,,active,england-wales,"Studio 5 Salters House, 156 High Street, Hull, HU1 1NQ",64209
SC175640,BRIDGEND HOLDINGS LIMITED,251,,1250102.0,,EMPLOYEE_TEST,,,active,scotland,"Riverside Complex, Glasgow Road, Kilwinning, KA13 7JB",64209
00644062,Econ Engineering Limited,251,58292535.0,68292826.0,,EMPLOYEE_TEST,,,active,england-wales,"Boroughbridge Road, Ripon, North Yorkshire, HG4 1UE",28990
07830865,MONGODB UK LIMITED,250,80963760.0,2545941.0,2025-01-31,EMPLOYEE_TEST,,,active,england-wales,"12th Floor 240 Blackfriars Road, London, SE1 8NW",62090
01724399,SAAB UK LTD,228,58797450.0,42802176.0,2024-12-31,FINANCIAL_TEST,,,active,england-wales,"2nd Floor Kinnaird House, 1 Pall Mall East, London, SW1Y 5AU",96090
05660595,EDINA UK LIMITED,169,63982583.0,42129971.0,2025-03-31,FINANCIAL_TEST,,,active,england-wales,"13 Rugby Park, Bletchley Road, Stockport, SK4 3EJ",32990
06098336,KARAN RETAIL LTD,39,194862442.0,71228145.0,,FINANCIAL_TEST,,,active,england-wales,"26 Newey Rd, Coventry, CV2 5HA",47110
07640504,HERD HIRE LTD,34,50553812.0,75481311.0,2025-10-31,FINANCIAL_TEST,,,active,england-wales,"500 Dashwood Lang Road, Bourne Business Park, Addlestone, KT15 2HJ",77110;77120
09653326,DEMATIC GROUP LIMITED,4,144339000.0,59675000.0,2024-12-31,FINANCIAL_TEST,,,active,england-wales,"Banbury Business Park Trinity Way, Adderbury, Banbury, OX17 3SN",70100
11403737,NIANTIC INTERNATIONAL LIMITED,3,701004687.0,133735871.0,,FINANCIAL_TEST,,,active,england-wales,"Suite 2 First Floor, 10 Temple Back, BS1 6FL",62090
