company_number,company_name,employees,turnover,balance_sheet,accounts_date,qualification_route,covering_parent_number,covering_parent_name
12018020,GLANSO UK LIMITED,500,,2839359.0,31/03/2025,EMPLOYEE_TEST,,
03841043,SPLENDID.CO.UK LIMITED,910,,-44978.0,31/03/2025,EMPLOYEE_TEST,,
09243163,ARG FENCING LTD,93024,,197.0,31 October,EMPLOYEE_TEST,,
10365213,SAKINAS HEALTHCARE LIMITED,287,,71299.0,31 March 2,EMPLOYEE_TEST,,
11138134,Lord's Care Recruit Limited,294,,218139.0,31 March 2,EMPLOYEE_TEST,,
11061429,Gov Facility Services Limited,1680,189407000.0,40161000.0,31 March 2,EMPLOYEE_TEST,,
14730498,LMRK PROPERTIES LTD,350,,350.0,31 March 2,EMPLOYEE_TEST,,
09298295,AIM HOUSE INVESTMENTS LIMITED & SUBSIDIARY,860,16293099.0,3975018.0,31 March 2,EMPLOYEE_TEST,,
09496256,R L MORRIS LIMITED,210449,,283996.0,31 March 2,EMPLOYEE_TEST,,
09426027,Accept Recruitment Ltd,408,11681989.0,126344.0,31 March 2,EMPLOYEE_TEST,,
08721041,Country Village Inns Ltd,354,,472143.0,31 March 2,EMPLOYEE_TEST,,
08965397,The Care And Support Group Ltd,386,,250424.0,31 March 2,EMPLOYEE_TEST,,
08924556,Premium Care Solutions Limited,320,,69096.0,31 March 2,EMPLOYEE_TEST,,
13236458,Premier Recruitment Group Limited,263,,13131.0,31 March 2,EMPLOYEE_TEST,,
13236522,MORTLAKE HOLDINGS LIMITED,1559,41765855.0,1139454.0,31 March 2,EMPLOYEE_TEST,,
12521437,A E Stuart Limited,282,101847115.0,99940055.0,31 March 2,EMPLOYEE_TEST,,
13290876,CENTURION CONSULTANTS LIMITED,2890,,2890.0,31 March 2,EMPLOYEE_TEST,,
13722151,Premium Care Group Limited,432,21269259.0,17207262.0,31 March 2,EMPLOYEE_TEST,,
13860981,T4C Ltd,265,,-3495.0,31 March 2,EMPLOYEE_TEST,,
11158928,Acorns (Holdings) Limited,432,14668180.0,8662861.0,31 March 2,EMPLOYEE_TEST,,
12405164,PWC Topco Limited,2000,,24194000.0,31 March 2,EMPLOYEE_TEST,,
12405240,PWC Midco Limited,2000,,32275000.0,31 March 2,EMPLOYEE_TEST,,
NI043594,Scotts Bakery Limited,261,39889620.0,7690339.0,31 March 2,EMPLOYEE_TEST,,
NI051219,Dowds Electrical (Holdings) Limited,262,65329771.0,4763224.0,31 March 2,EMPLOYEE_TEST,,
05302971,CARE OUTLOOK LTD,1559,41765855.0,308313.0,31 March 2,EMPLOYEE_TEST,,
NI038310,Eventsec Ltd,1392,,717224.0,31 March 2,EMPLOYEE_TEST,,
05044268,FC Summerhill NH Ltd,322,12504280.0,11283035.0,31 March 2,EMPLOYEE_TEST,,
05490377,Ganymede Care Limited,263,14195010.0,19571110.0,31 March 2,EMPLOYEE_TEST,,
04646947,ALBANY CLEANING SOLUTIONS LTD,256,,68164.0,31 March 2,EMPLOYEE_TEST,,
NI615459,ADVANCED CARE (NI) LTD,284,,1207918.0,31 March 2,EMPLOYEE_TEST,,
15740044,EDGEHILL LEICESTER LTD,3324,,250365.0,31 March 2,EMPLOYEE_TEST,,
06521256,Office Space in Town Limited,259,26102176.0,165647358.0,31 March 2,EMPLOYEE_TEST,,
06868508,Cleanscapes Limited,420,16416766.0,638360.0,31 March 2,EMPLOYEE_TEST,,
06323326,CAREPOINT SERVICES LIMITED,440,,540297.0,31 March 2,EMPLOYEE_TEST,,
06131771,BROOMFIELD BOOKS LIMITED,9173,,13379.0,31 March 2,EMPLOYEE_TEST,,
06194579,ECMS Services Ltd,256,13999617.0,181371.0,31 March 2,EMPLOYEE_TEST,,
02021497,50 FASSETT ROAD RESIDENTS ASSOCIATION LIMITED,2607,,2468.0,31 March 2,EMPLOYEE_TEST,,
00056685,Exmouth Marina Ltd,7000,,6459000.0,31 March 2,EMPLOYEE_TEST,,
01967787,IT Luggage Limited,303,146067426.0,8405441.0,31 March 2,EMPLOYEE_TEST,,
01837621,HEALTH LIMITED,314,9988307.0,6614907.0,31 March 2,EMPLOYEE_TEST,,
01427132,AIM COMMERCIAL CLEANING LIMITED,860,16293099.0,3452216.0,31 March 2,EMPLOYEE_TEST,,
SC700503,SGD Management Limited,285,,3425.0,31 March 2,EMPLOYEE_TEST,,
04120661,Moorview Care Limited,345,,2335878.0,31 March 2,EMPLOYEE_TEST,,
04117031,Lindel Services Limited,260,,797938.0,31 March 2,EMPLOYEE_TEST,,
04400659,Select Support Partnerships Ltd,259,,69231.0,31 March 2,EMPLOYEE_TEST,,
OC306572,Ingleton Wood LLP,274,,940879.0,31 March 2,EMPLOYEE_TEST,,
03023352,Acorns Nurseries Limited,432,14668180.0,6540556.0,31 March 2,EMPLOYEE_TEST,,
07886297,Michels and Taylor (London) Limited,462,28991329.0,2276921.0,31 March 2,EMPLOYEE_TEST,,
07565839,K G GROUNDWORKS LIMITED,1187,,7443.0,31 March 2,EMPLOYEE_TEST,,
08387342,FLORIAN FIRE SERVICES LIMITED,17082,,3470.0,31 March 2,EMPLOYEE_TEST,,
07108341,Go Languages World Wide Limited,305,,2578.0,31 March 2,EMPLOYEE_TEST,,
03795153,MSG Contracts Limited,273,,101917.0,31 July 20,EMPLOYEE_TEST,,
08817509,GR8CONNECT LTD,285,,4000.0,31 Decembe,EMPLOYEE_TEST,,
NI640534,MOFFETT LIVESTOCK LIMITED,164150,,263767.0,31 Decembe,EMPLOYEE_TEST,,
13771306,ETHOS FARM HOLDINGS LIMITED,757,30252841.0,466414.0,31 Decembe,EMPLOYEE_TEST,,
12055095,Bubble Citea Ltd,260,,1043012.0,31 Decembe,EMPLOYEE_TEST,,
NI657495,Clover Pubs Holdings NI Limited,258,17110954.0,6935699.0,31 Decembe,EMPLOYEE_TEST,,
NI649775,Dunluce Healthcare Ltd,337,12081801.0,556714.0,31 Decembe,EMPLOYEE_TEST,,
10378647,ETHOS FARM LIMITED,730,26571573.0,2930895.0,31 Decembe,EMPLOYEE_TEST,,
03076063,Saka Indonesia Pangkah Limited,327,154028000.0,155768000.0,31 Decembe,EMPLOYEE_TEST,,
13026449,Triumph Dorset Ltd,26000,,-279000.0,31 Decembe,EMPLOYEE_TEST,,
15331879,MEDITERRANEAN URUCI CONSTRUCTION LTD,2569,,4500.0,31 Decembe,EMPLOYEE_TEST,,
06512050,Birchwood Motor Group Limited,160000,100357000.0,1460000.0,31 Decembe,EMPLOYEE_TEST,,
06513466,Azur Auto Limited,43000,30819000.0,3985000.0,31 Decembe,EMPLOYEE_TEST,,
06510589,Birchwood Auto Limited,17000,,295000.0,31 Decembe,EMPLOYEE_TEST,,
12359760,RICKMANSWORTH GLASS LIMITED,3070,,2125.0,31 Decembe,EMPLOYEE_TEST,,
09962909,Rochmills (Holdings) Ltd,328,12839917.0,44059285.0,31 Decembe,EMPLOYEE_TEST,,
SC188333,WEST COAST CAPITAL PROPERTIES (MARATHON HOUSE) LIMITED,4000,,2588000.0,30/03/2025,EMPLOYEE_TEST,,
08140845,Provenance Brands Limited,312,22153073.0,4118393.0,30 June 20,EMPLOYEE_TEST,,
01555887,Solomon Commercials Limited,408,76841676.0,2661599.0,30 April 2,EMPLOYEE_TEST,,
13102444,AVANT GARDE TATTOO LTD,6849,,6849.0,30 April 2,EMPLOYEE_TEST,,
04542522,Ksb Recruitment Consultants Limited,360,,21771.0,29 June 20,EMPLOYEE_TEST,,
15531618,KLM MORTGAGE SOLUTIONS LTD,3174,,7626.0,28 Februar,EMPLOYEE_TEST,,
10314299,TIGER TIM PRODUCTIONS LIMITED,5495,,5855.0,28 Februar,EMPLOYEE_TEST,,
05368398,UINCAP INTERNATIONAL UNION OF CAPOEIRA (UINCAP),56000,,,28 FEBRUAR,EMPLOYEE_TEST,,
10664067,New Concept Security Ltd,320,,397957.0,2025-10-31,EMPLOYEE_TEST,,
07640504,HERD HIRE LTD,34,50553812.0,75481311.0,2025-10-31,FINANCIAL_TEST,,
02367892,ANGLIA RUSKIN ENTERPRISE LTD,665,5074274.0,11040232.0,2025-07-31,EMPLOYEE_TEST,,
00533277,McBraida Plc,152000,31789000.0,21717000.0,2025-06-30,EMPLOYEE_TEST,,
03818424,WATERSTONS LIMITED,267,,353232.0,2025-06-30,EMPLOYEE_TEST,,
03093787,GIANT GROUP LIMITED (FORMERLY GIANT GROUP PLC),7811,,119888.0,2025-05-31,EMPLOYEE_TEST,,
14702578,MCGROVE DEVELOPMENTS TOPCO LIMITED,2024,,400676755.0,2025-04-30,EMPLOYEE_TEST,,
09061357,MCGROVE DEVELOPMENTS LIMITED,2024,,,2025-04-30,EMPLOYEE_TEST,,
06817611,2 AM Management Company Limited,356,24118545.0,3433726.0,2025-04-06,EMPLOYEE_TEST,,
07384595,THE ISLINGTON GP GROUP LIMITED,289,,70951.0,2025-04-05,EMPLOYEE_TEST,,
06655187,AVERY HOMES (NELSON) LIMITED,1699,81466698.0,12911650.0,2025-03-31,EMPLOYEE_TEST,,
06281747,Enimed Limited,290,50634795.0,20789987.0,2025-03-31,EMPLOYEE_TEST,,
06778302,PAN-ASIA COMMUNITY HOUSING,2024,,,2025-03-31,EMPLOYEE_TEST,,
06293176,HBG LIMITED,299,,1154704.0,2025-03-31,EMPLOYEE_TEST,,
06655208,WILLOWBROOK HEALTHCARE LIMITED,3471,188812421.0,1325156.0,2025-03-31,EMPLOYEE_TEST,,
06646129,SR Facilities Group Ltd,320,,39868.0,2025-03-31,EMPLOYEE_TEST,,
06504617,Newburn (LSA Properties) Ltd,37471,,290633.0,2025-03-31,EMPLOYEE_TEST,,
06052757,Sefton New Directions Limited,376,11460364.0,1495148.0,2025-03-31,EMPLOYEE_TEST,,
15986160,WORKCHAIN HOLDINGS LTD,406,,2138970.0,2025-03-31,EMPLOYEE_TEST,,
05883787,Pride Management Service Limited,259,,426291.0,2025-03-31,EMPLOYEE_TEST,,
07630156,Optalis Limited,805,57604132.0,66108.0,2025-03-31,EMPLOYEE_TEST,,
08023909,Trinity Homecare Group Ltd,4000,,-4943000.0,2025-03-31,EMPLOYEE_TEST,,
07081393,Trinity Care at Home Ltd,259000,,1490000.0,2025-03-31,EMPLOYEE_TEST,,
07174215,HR FACILITIES LTD,290,78441549.0,482335.0,2025-03-31,EMPLOYEE_TEST,,
07034946,Malling Health (UK) Limited,300,30077243.0,833205.0,2025-03-31,EMPLOYEE_TEST,,
07576441,City Calling Limited,14000,,-83000.0,2025-03-31,EMPLOYEE_TEST,,
03087327,Atlantic Cleaning Services Limited,314,,394267.0,2025-03-31,EMPLOYEE_TEST,,
03041366,BCH CARE LIMITED,373,16070100.0,786249.0,2025-03-31,EMPLOYEE_TEST,,
SC177939,ROSS-SHIRE ENGINEERING LIMITED,1127,,81041000.0,2025-03-31,EMPLOYEE_TEST,,
SC380772,TANZ LIMITED,666,,842261.0,2025-03-31,EMPLOYEE_TEST,,
03573047,Corinium Care Limited,106000,4584000.0,77000.0,2025-03-31,EMPLOYEE_TEST,,
03534122,PRE-CONSTRUCT ARCHAEOLOGY LIMITED,255,15086503.0,222843.0,2025-03-31,EMPLOYEE_TEST,,
01201823,ENDERSHAM LIMITED,351,,412756.0,2025-03-31,EMPLOYEE_TEST,,
00215444,BOYS & BODEN LIMITED,269,46409712.0,29838423.0,2025-03-31,EMPLOYEE_TEST,,
02101313,SEYMOUR HOUSE LTD.,305,13289230.0,183732.0,2025-03-31,EMPLOYEE_TEST,,
01660972,WINDSOR HOLDINGS LIMITED,326,21631889.0,5871318.0,2025-03-31,EMPLOYEE_TEST,,
01623967,Munnelly Support Services Limited,34000,39810000.0,9749000.0,2025-03-31,EMPLOYEE_TEST,,
04673404,4th Dimension Innovation Limited,501,85921545.0,7412845.0,2025-03-31,EMPLOYEE_TEST,,
04679678,Principal Medical Limited,270,15563003.0,1183185.0,2025-03-31,EMPLOYEE_TEST,,
04725724,Borderbrite Limited,338,,934695.0,2025-03-31,EMPLOYEE_TEST,,
05660595,EDINA UK LIMITED,169,63982583.0,42129971.0,2025-03-31,FINANCIAL_TEST,,
05719828,WORKCHAIN LTD,458,13153950.0,20940.0,2025-03-31,EMPLOYEE_TEST,,
05555977,Guardior Security Limited,65000,,217000.0,2025-03-31,EMPLOYEE_TEST,,
NI055050,MANFREIGHT LIMITED,478,77760053.0,49550185.0,2025-03-31,EMPLOYEE_TEST,,
05333010,Deluxe Services Limited,889,,1997361.0,2025-03-31,EMPLOYEE_TEST,,
NI032483,J.F. & H. Dowds Limited,262,65329771.0,4763224.0,2025-03-31,EMPLOYEE_TEST,,
04161609,MacRail Systems Limited,26000,,1550000.0,2025-03-31,EMPLOYEE_TEST,,
03940981,RAPID EMPLOYMENT AND RECRUITMENT LIMITED,335,,775922.0,2025-03-31,EMPLOYEE_TEST,,
04394106,VALLI FORECOURTS LIMITED,297,,64980705.0,2025-03-31,EMPLOYEE_TEST,,
04492795,The Severn Partnership Limited,47000,,748000.0,2025-03-31,EMPLOYEE_TEST,,
13961990,Hunt4Enterprises Ltd,454,,203559.0,2025-03-31,EMPLOYEE_TEST,,
11768204,Bishopsgate Employment Services Limited,622000,51786000.0,607000.0,2025-03-31,EMPLOYEE_TEST,,
11768606,Bishopsgate Group Limited,14000,1537000.0,64000.0,2025-03-31,EMPLOYEE_TEST,,
11521776,Weston Analytics Limited,14000,,577000.0,2025-03-31,EMPLOYEE_TEST,,
11621575,EFS Global Limited,386,63367134.0,14443352.0,2025-03-31,EMPLOYEE_TEST,,
10834427,Acacia Care Investments Ltd,406,36441153.0,1363109.0,2025-03-31,EMPLOYEE_TEST,,
13282015,HR Employment Ltd,294,,102742.0,2025-03-31,EMPLOYEE_TEST,,
10717369,Regency Soft Services Limited,309,,2848657.0,2025-03-31,EMPLOYEE_TEST,,
11000891,Rock Compliance Holdings Limited,303,19781663.0,4187325.0,2025-03-31,EMPLOYEE_TEST,,
12476350,PWC Newco Limited,697000,28246000.0,45561000.0,2025-03-31,EMPLOYEE_TEST,,
12367945,Bridgehead Consultancy Limited,15000,,-935000.0,2025-03-31,EMPLOYEE_TEST,,
12411111,Sierra 1 Security Stewarding Ltd,416,,281770.0,2025-03-31,EMPLOYEE_TEST,,
12405444,PWC Holdco 1 Limited,697000,28246000.0,45561000.0,2025-03-31,EMPLOYEE_TEST,,
12405502,Trinity Homecare Holdings Limited,3000,140000.0,24494000.0,2025-03-31,EMPLOYEE_TEST,,
12753911,EFS Investments Limited,575,84263348.0,25870959.0,2025-03-31,EMPLOYEE_TEST,,
12973716,North Somerset Environment Company Limited,288,20520738.0,-846442.0,2025-03-31,EMPLOYEE_TEST,,
11810616,TAKEQUADRANTON. LTD,380,,515215.0,2025-03-31,EMPLOYEE_TEST,,
12123134,Bishopsgate Contracting Services Limited,3000,89174000.0,120000.0,2025-03-31,EMPLOYEE_TEST,,
12213029,SWISCO LIMITED,310,24895221.0,5186106.0,2025-03-31,EMPLOYEE_TEST,,
11972429,Orient Industrial Holdings Limited,309,56472904.0,17394377.0,2025-03-31,EMPLOYEE_TEST,,
14251187,EFS Global Holdings Ltd,748,117888588.0,27429356.0,2025-03-31,EMPLOYEE_TEST,,
12087784,Country Cousins Homecare Agencies Ltd,43000,,7216000.0,2025-03-31,EMPLOYEE_TEST,,
13843726,Enimed (Holdings) Limited,395,64956241.0,22778811.0,2025-03-31,EMPLOYEE_TEST,,
09198035,Positive Individual Proactive Support Limited,373,13324933.0,592634.0,2025-03-31,EMPLOYEE_TEST,,
09188192,So Far Ltd,452,,38211.0,2025-03-31,EMPLOYEE_TEST,,
13749536,Plymouth Active Leisure Limited,304,,-307263.0,2025-03-31,EMPLOYEE_TEST,,
08705643,Knowledge Transfer Network Limited,288,36647452.0,8725222.0,2025-03-31,EMPLOYEE_TEST,,
15295312,Agency CMG Limited,260,,,2025-03-31,EMPLOYEE_TEST,,
08982994,Berkeley Home Health Holdco Limited,1000,,1073000.0,2025-03-31,EMPLOYEE_TEST,,
08781493,Berkeley Home Health Limited,124000,3722000.0,13938000.0,2025-03-31,EMPLOYEE_TEST,,
13688955,Hamburg Topco Limited,373,49586130.0,26795610.0,2025-03-31,EMPLOYEE_TEST,,
13689209,Hamburg Bidco Limited,373,49586130.0,26795610.0,2025-03-31,EMPLOYEE_TEST,,
10483079,Restful Homes Group Ltd.,1146,67283966.0,260449814.0,2025-03-31,EMPLOYEE_TEST,,
10644283,NEWYDD CATERING & CLEANING LIMITED,360,,79936.0,2025-03-31,EMPLOYEE_TEST,,
09960882,NOTTINGHAM CITY GP ALLIANCE LIMITED,293,14284248.0,117258.0,2025-03-31,EMPLOYEE_TEST,,
04601274,eXPD8 Limited,2781,34783428.0,331866.0,2025-03-22,EMPLOYEE_TEST,,
07830865,MONGODB UK LIMITED,250,80963760.0,2545941.0,2025-01-31,EMPLOYEE_TEST,,
02111794,KEITH PATTINSON LIMITED,291,20378880.0,3525659.0,2024-12-31,EMPLOYEE_TEST,,
02505735,Reuters News & Media Limited,1009000,236570000.0,200635000.0,2024-12-31,EMPLOYEE_TEST,,
13386861,SDHUK OWNER LTD,264,,28789506.0,2024-12-31,EMPLOYEE_TEST,,
01724399,SAAB UK LTD,228,58797450.0,42802176.0,2024-12-31,FINANCIAL_TEST,,
02406224,Translux International Limited,317,,23610855.0,2024-12-31,EMPLOYEE_TEST,,
07543597,A QUALITY SERVICE LIMITED,252,4498761.0,3604000.0,2024-12-31,EMPLOYEE_TEST,,
05235361,THE SOHO SANDWICH COMPANY LTD,259,30180809.0,1541292.0,2024-12-31,EMPLOYEE_TEST,,
NI067491,AROUND NOON LIMITED,307,26378870.0,2651386.0,2024-12-31,EMPLOYEE_TEST,,
09229684,BABYLON HEALTHCARE SERVICES LIMITED,522,29285786.0,6904548.0,2024-12-31,EMPLOYEE_TEST,,
09653326,DEMATIC GROUP LIMITED,4,144339000.0,59675000.0,2024-12-31,FINANCIAL_TEST,,
09976204,TELUS Health (UK) Holdco Limited,2000,,123384000.0,2024-12-31,EMPLOYEE_TEST,,
03472296,BERKELEY SCOTT LIMITED,815,18033001.0,1203334.0,2024-12-31,EMPLOYEE_TEST,,
03761935,MAUVE CORPORATE SYSTEMS UK LIMITED,347,31402764.0,77185.0,2024-12-31,EMPLOYEE_TEST,,
12793914,GOBRANDS UK HOLDINGS LTD,842,101996176.0,3563943.0,2024-12-31,EMPLOYEE_TEST,,
OC368517,WASSERMAN EMEA LLP,537,,16593000.0,2024-12-31,EMPLOYEE_TEST,,
06878814,HEALTHY RETAIL LIMITED,269,23552820.0,2792308.0,2024-12-26,EMPLOYEE_TEST,,
12492264,THE INFORMATION LAB HOLDING LTD,311,,4309922.0,2024-03-31,EMPLOYEE_TEST,,
04456479,EXIGENT LIMITED,395,,201414.0,2023-12-31,EMPLOYEE_TEST,,
00052099,"S.A.Brain & Company,Limited",31000,,14247000.0,,EMPLOYEE_TEST,,
00455692,Fine Lady Bakeries Limited,739,163877195.0,43865028.0,,EMPLOYEE_TEST,,
00644062,Econ Engineering Limited,251,58292535.0,68292826.0,,EMPLOYEE_TEST,,
00719446,Heygate and Sons Limited,1178,,21071864.0,,EMPLOYEE_TEST,,
01044173,Hurst Stores and Interiors Limited,29000,,3447000.0,,EMPLOYEE_TEST,,
01365921,Braymale Limited,454,9864318.0,3705633.0,,EMPLOYEE_TEST,,
01780818,Allan Webb Ltd,286,18902855.0,159030.0,,EMPLOYEE_TEST,,
02235387,TURLEY ASSOCIATES LIMITED,278,,734803.0,,EMPLOYEE_TEST,,
02358974,Ovalseal Limited,489,,30004.0,,EMPLOYEE_TEST,,
02698436,CUERDEN ESTATES LIMITED,528,30787225.0,13142710.0,,EMPLOYEE_TEST,,
02793994,AERO FABRICATIONS LIMITED,300,27916618.0,18195558.0,,EMPLOYEE_TEST,,
02907221,Ridge Crest Cleaning Limited,761,11695492.0,734300.0,,EMPLOYEE_TEST,,
02911962,Hurst Joinery Projects Limited,67000,,780000.0,,EMPLOYEE_TEST,,
02911969,Hurst Group (Northern) Limited,270000,,4388000.0,,EMPLOYEE_TEST,,
03031072,Filco Supermarkets Limited,262,23449707.0,8728308.0,,EMPLOYEE_TEST,,
03034235,Hurst Plastics Limited,165000,29077000.0,5659000.0,,EMPLOYEE_TEST,,
03040310,Island Healthcare Limited,299,,725831.0,,EMPLOYEE_TEST,,
03138503,PLANNING SOLUTIONS LIMITED,312,,2971901.0,,EMPLOYEE_TEST,,
03198769,A1 PERSONNEL EMPLOYMENT AGENCY LTD,360,9879616.0,2466629.0,,EMPLOYEE_TEST,,
03253377,COUNTRY COURT CARE HOMES LIMITED,454,18891316.0,48148523.0,,EMPLOYEE_TEST,,
03665746,I.C.S. (UK) Limited,313,172054186.0,4498635.0,,EMPLOYEE_TEST,,
04076270,WHITELODGE ALVELEY LIMITED,279,,1625237.0,,EMPLOYEE_TEST,,
04156069,MGF LIMITED,429,,70436833.0,,EMPLOYEE_TEST,,
04335541,CITY & COUNTY CARE SERVICES LIMITED,314,9895167.0,20554.0,,EMPLOYEE_TEST,,
04386504,INDUSTRIA PERSONNEL SERVICES LTD.,2171,,508762.0,,EMPLOYEE_TEST,,
04423982,SKF. Lo (Chemists) Limited,256,30699381.0,16558613.0,,EMPLOYEE_TEST,,
04737976,Cosmesurge Ltd,1000,,5130000.0,,EMPLOYEE_TEST,,
04907778,OLDFIELD RESIDENTIAL CARE LTD,279,,4028282.0,,EMPLOYEE_TEST,,
04933418,DRAIN LINE SOUTHERN LIMITED,255,22852067.0,4564550.0,,EMPLOYEE_TEST,,
05380768,TOTAL CATERING SOLUTIONS RECRUITMENT LTD,1052,,54172.0,,EMPLOYEE_TEST,,
05807304,ASSOCIATED CONTINUITY TEAMS LIMITED,477,8670099.0,189341.0,,EMPLOYEE_TEST,,
05872949,CONNISTON CARE LIMITED,268,,8225629.0,,EMPLOYEE_TEST,,
05963017,Trustcare Management Limited,379,,299217.0,,EMPLOYEE_TEST,,
06056699,BJF CONNECTIONS LTD,333,68486214.0,4602911.0,,EMPLOYEE_TEST,,
06098336,KARAN RETAIL LTD,39,194862442.0,71228145.0,,FINANCIAL_TEST,,
06195309,LAF HOLDINGS LTD AND SUBSIDIARIES,1251,,111202361.0,,EMPLOYEE_TEST,,
06526813,FOCUS CARE SUPPORTED LIVING LTD,356,15506369.0,2246434.0,,EMPLOYEE_TEST,,
06854380,GMT Spas International Limited,5005,,97325.0,,EMPLOYEE_TEST,,
06867999,GBA Technical Services Limited,266,12563977.0,2831827.0,,EMPLOYEE_TEST,,
06899831,Datel Advansys Limited,23000,,657000.0,,EMPLOYEE_TEST,,
07061135,Day Webster Limited,626,,238373.0,,EMPLOYEE_TEST,,
07065923,GREENWICH SERVICE PLUS LIMITED,291,24881586.0,11559315.0,,EMPLOYEE_TEST,,
07180998,ZED 1 ENTERPRISES LIMITED,253,11952294.0,1440301.0,,EMPLOYEE_TEST,,
07439914,THINK DRINKS LIMITED,13000,,872000.0,,EMPLOYEE_TEST,,
07474135,Nationwide Healthcare Providers Limited,272,30207997.0,8188492.0,,EMPLOYEE_TEST,,
07864027,HARBOUR HEALTHCARE LTD,1234,,55600194.0,,EMPLOYEE_TEST,,
08030655,Taurus Healthcare Ltd,367,,2981844.0,,EMPLOYEE_TEST,,
08131752,DOMINO'S PIZZA WEST COUNTRY LIMITED,472,15853383.0,2773034.0,,EMPLOYEE_TEST,,
08380483,Speira UK Limited,9000,1531000.0,1960000.0,,EMPLOYEE_TEST,,
08444296,Sweeptech Environmental Services Limited,261,,13102408.0,,EMPLOYEE_TEST,,
08798304,SureStaffing UK Limited,283,,312146.0,,EMPLOYEE_TEST,,
09020971,COUNTRY COURT CARE HOMES 2 LIMITED,1498,63844055.0,170341578.0,,EMPLOYEE_TEST,,
09049900,Silver Birch Care (Holdings) Limited,364,,20060426.0,,EMPLOYEE_TEST,,
09147067,LYCA LEASING HOLDING LIMITED,612,,6518832.0,,EMPLOYEE_TEST,,
09442336,Community Lives Consortium,448,,1369495.0,,EMPLOYEE_TEST,,
09501942,ASSOCIATED CONTINUITY TEAMS HOLDINGS LIMITED,479,,-107661.0,,EMPLOYEE_TEST,,
09519658,ROTHERWOOD GROUP LIMITED,349,,12485536.0,,EMPLOYEE_TEST,,
09687256,BJF GROUP LIMITED,333,,10005.0,,EMPLOYEE_TEST,,
09784762,COUNTRY COURT CARE HOMES 3 OPCO LIMITED,323,16563113.0,11287697.0,,EMPLOYEE_TEST,,
09813979,COUNTRY COURT CARE GROUP LIMITED,2548,,205.0,,EMPLOYEE_TEST,,
09826810,TRISTONE HEALTHCARE LIMITED,638,,53386.0,,EMPLOYEE_TEST,,
09962699,Adara Group Limited,261,,19618455.0,,EMPLOYEE_TEST,,
09964786,CENTRAL CONNECT TRANSPORT LIMITED,347,,16449886.0,,EMPLOYEE_TEST,,
10072435,Boluda Towage UK Ltd,323,,86769199.0,,EMPLOYEE_TEST,,
10090444,ASH GROUP (UK) LIMITED,344,,12075346.0,,EMPLOYEE_TEST,,
10300839,PERSONAS GROUP LIMITED,539,,91.0,,EMPLOYEE_TEST,,
10375720,Ingleton Wood Services Limited,279,17588346.0,2518645.0,,EMPLOYEE_TEST,,
10471893,N W E S Group Ltd,454,,5000.0,,EMPLOYEE_TEST,,
10487556,SUDHIR POWER (UK) LIMITED,647,,18140769.0,,EMPLOYEE_TEST,,
10668549,TRISTONE GROUP LTD,638,,509554.0,,EMPLOYEE_TEST,,
11263567,Kirklands Care Limited,326,,12742879.0,,EMPLOYEE_TEST,,
11403737,NIANTIC INTERNATIONAL LIMITED,3,701004687.0,133735871.0,,FINANCIAL_TEST,,
11606364,VIBE RECRUIT LIMITED,541,16815909.0,20922.0,,EMPLOYEE_TEST,,
11608944,TINIES LONDON & INTERNATIONAL LTD,361,,282342.0,,EMPLOYEE_TEST,,
11797247,ZAM FM LTD,410,,811818.0,,EMPLOYEE_TEST,,
11877576,Ensco 1330 Limited,726,,2700.0,,EMPLOYEE_TEST,,
12210720,CLARITY UMBRELLA LTD,399,49911780.0,436236.0,,EMPLOYEE_TEST,,
12336824,HARBOUR HEALTHCARE SW LIMITED,257,,-313167.0,,EMPLOYEE_TEST,,
12369890,CAPULET HOLDINGS LIMITED,344,,16470478.0,,EMPLOYEE_TEST,,
12477148,PURDY & FIGG LTD,70000,39304000.0,1285000.0,,EMPLOYEE_TEST,,
12979708,Brimhams Active Limited,430,,-627401.0,,EMPLOYEE_TEST,,
13045458,COUNTRY COURT CARE HOMES 7 OPCO LIMITED,273,13085873.0,3659265.0,,EMPLOYEE_TEST,,
13165982,ICS UK (1976) Limited,313,,15544325.0,,EMPLOYEE_TEST,,
13484093,Ridge Crest Holdings Limited,761,,2078365.0,,EMPLOYEE_TEST,,
13612105,OVM Holdings Ltd,257,,4002.0,,EMPLOYEE_TEST,,
13797930,Emscott Holdings Limited,438,,7445141.0,,EMPLOYEE_TEST,,
13874055,Estel Media Holdco Limited,251,,9406000.0,,EMPLOYEE_TEST,,
13903815,VCMP UK LIMITED,899,72122857.0,-3416557.0,,EMPLOYEE_TEST,,
14199213,HARBOUR HEALTHCARE GROUP LIMITED,1670,,6351811.0,,EMPLOYEE_TEST,,
14199715,HARBOUR HEALTHCARE HOLDINGS LTD,439,,1500009.0,,EMPLOYEE_TEST,,
14221255,NANTSTREAM LIMITED,476,,19607014.0,,EMPLOYEE_TEST,,
15224566,MOUNTJOY HOLDINGS LIMITED,333,,5160576.0,,EMPLOYEE_TEST,,
15391727,ICEKING GROUP LTD,258,,200.0,,EMPLOYEE_TEST,,
15754458,TRANSPORT MADE SIMPLE LIMITED,349,,7899999.0,,EMPLOYEE_TEST,,
NI036860,LEITRIM HOLDINGS LIMITED,344,,5796958.0,,EMPLOYEE_TEST,,
NI037518,COMBINED FACILITIES MANAGEMENT LTD,344,57433240.0,1821646.0,,EMPLOYEE_TEST,,
NI637100,Care Plus (N.I.) Ltd,255,,66447.0,,EMPLOYEE_TEST,,
NI686297,H&J MARTIN GROUP LIMITED,256,,5000002.0,,EMPLOYEE_TEST,,
SC175640,BRIDGEND HOLDINGS LIMITED,251,,1250102.0,,EMPLOYEE_TEST,,
SC212151,Vigilant Protect UK Limited,933,37835539.0,100834.0,,EMPLOYEE_TEST,,
SC425646,CONTRACTPOD TECHNOLOGIES LIMITED,293,,17333415.0,,EMPLOYEE_TEST,,
SC597416,WONDERWORLD HOLDINGS LTD,513,,201.0,,EMPLOYEE_TEST,,
SC753198,M&W Security Limited,933,,6596680.0,,EMPLOYEE_TEST,,
SC821066,PARK'S OF HAMILTON (INVESTMENTS) LIMITED,2198,,270000000.0,,EMPLOYEE_TEST,,
