company_number,company_name,employees,turnover,balance_sheet,accounts_date
00312679,EXORS. OF JOHN WARD LIMITED,1.0,,70834.0,5 April 20
00362308,J.H. Wood & Son Limited,2.0,,17237.0,5 April 20
00233565,HECTOR'S HOUSING LIMITED,2.0,,41962.0,5 April 20
00196655,"NORTH LONDON BOWLING CLUB,LIMITED(THE)",0.0,,2870.0,5 April 20
00231595,PENHALE ESTATES LIMITED,2.0,,1468491.0,31/12/2024
00349299,CLIMPSON & CO.LIMITED,3.0,,52093.0,31/12/2024
00193718,DEN NORSKE KLUB LIMITED,,,4215.0,31/12/2024
00368860,A.W.SQUIER LIMITED,6.0,,6078532.0,31/12/2024
00372938,THE DRAKE MEMORIAL PARK LIMITED,9.0,,169447.0,31/03/2025
00395263,NOAHSWORTH LIMITED,5.0,,1809160.0,31/03/2025
00388840,W.P.WAKEFIELD LIMITED,3.0,,1332760.0,31/03/2025
00132488,KINGSTHORPE GOLF COMPANY LIMITED,5.0,,8974.0,31/03/2025
00207348,"J. CHANDLER & COMPANY, LIMITED",7.0,,1396275.0,31/03/2025
00372297,LYNTONS (HENDON) LIMITED,1.0,,411732.0,31/03/2025
00222076,BENNAH LIMITED,5.0,,1145505.0,31/03/2025
00061231,W.J. EDWARDS (KINGSWOOD) LIMITED,3.0,,1166081.0,31/03/2025
00242602,C ABBOTT LTD,21.0,,3487624.0,31/03/2025
00252941,AVA LIMITED,11.0,,421859.0,31/03/2025
00335231,LISBURNE HOLDINGS LIMITED,4.0,,480553.0,31/03/2025
00332296,CRITERION ESTATES LIMITED,4.0,,3601450.0,31/03/2025
00084905,THE PURLEY CRICKET CLUB LIMITED,3.0,,27745.0,31/03/2025
00326356,SADBOROW ESTATE LIMITED,0.0,,4750703.0,31/03/2025
00403053,ALLIED COMMERCIAL EXPORTERS LIMITED,2.0,,29550760.0,31/03/2025
00243274,Ferrell & Baker Limited,0.0,,709955.0,31 October
00343822,Charles Ashton & Co Limited,1.0,,1040464.0,31 October
00153314,MOSELEY MASONIC HALL COMPANY LIMITED,3.0,,156172.0,31 May 202
00228001,"TYBURN GARAGE,LIMITED",0.0,284.0,70000.0,31 May 202
00171830,B.S. PENSION FUND TRUSTEE LIMITED,,,60.0,31 March 2
00356613,Polden Farms Limited,2.0,,725177.0,31 March 2
00270704,Otley Cattle Market Auction Limited,,,8117.0,31 March 2
00172197,Hallmark Farming Limited,2.0,,113256.0,31 March 2
00172308,Loughborough Lawn Tennis Club,,,140882.0,31 March 2
00380679,THE PROGRESSIVE PLAYERS (GATESHEAD),0.0,,66578.0,31 March 2
00177605,Sheen Lawn Tennis and Squash Club Limited,5.0,,545024.0,31 March 2
00380622,"J.T.BARKER & SONS,LIMITED",,,1.0,31 March 2
00380433,Glenwood Trust Limited,,,526.0,31 March 2
00178568,M.HAND & COMPANY LIMITED,0.0,,629.0,31 March 2
00039161,LADY MARGARET BOWLING CLUB LIMITED,0.0,,447.0,31 March 2
00357934,Alton Estates (Plymouth) Limited,0.0,,16972.0,31 March 2
00356590,"WILLIAM MAULE & SONS,LIMITED",2.0,,156043.0,31 March 2
00380164,DUDDON BRIDGE FARM COMPANY LIMITED,0.0,,14000.0,31 March 2
00181680,"CHEAM SPORTS CLUB,LIMITED(THE)",0.0,,7205.0,31 March 2
00181897,"Monk Bridge Construction Company,Limited(The)",22.0,,2304071.0,31 March 2
00265786,L.F.Briggs (1932) Limited,10.0,,74259.0,31 March 2
00183721,St Edmunds Limited,,,18000.0,31 March 2
00183843,Dinas Powis Bowling Club Limited(The),5.0,,54388.0,31 March 2
00358572,Baltic Union Shipbrokers Limited,2.0,,2984.0,31 March 2
00358588,ENGLISH BRIDGE UNION LIMITED(THE),17.0,1441719.0,372449.0,31 March 2
00264516,H.JOHNSON & SONS (FARSLEY) LIMITED,1.0,,132194.0,31 March 2
00379899,Leggett's Farm Limited,0.0,,342017.0,31 March 2
00181085,LOVE WALK,,,0.0,31 March 2
00355601,JOHN CARR (LIVERPOOL) LIMITED,10.0,,37751.0,31 March 2
00273643,HARTLEPOOLS ESTATES LIMITED,0.0,,19469.0,31 March 2
00382907,P.J. Weller & Son (Holdings) Limited,0.0,,196178.0,31 March 2
00152407,Davenport & Sons Limited,4.0,,4029931.0,31 March 2
00385075,S.M.G. REAL ESTATES LIMITED,,,10000.0,31 March 2
00384959,TICKNER'S (CONFECTIONERS) LIMITED,2.0,,379762.0,31 March 2
00156260,"H.A.KELLAWAY,LIMITED",0.0,,68812.0,31 March 2
00158211,"Davies,Harvey & Murrell Limited",0.0,,7780.0,31 March 2
00384867,H.J. Francis Limited,2.0,,4695435.0,31 March 2
00160472,BRASS FOUNDERS (SHEFFIELD) LIMITED,,,1.0,31 March 2
00350633,British Overseas & Export Trading Limited,3.0,,6812.0,31 March 2
00283461,CORNHILL ESTATES LIMITED,0.0,,972.0,31 March 2
00352399,"William Tyler & Co.,Limited",,,1954400.0,31 March 2
00165110,"ECLIPSE MOTOR TRANSPORT COMPANY,LIMITED(THE)",15.0,,623819.0,31 March 2
00379885,C. & J. GEEVE LIMITED,0.0,,4000.0,31 March 2
00281280,LARCHES ESTATES LIMITED(THE),1.0,,-290934.0,31 March 2
00165150,Sudbury Golf Club Limited,21.0,,846143.0,31 March 2
00280729,AUTOVALE TYRES (NW) LTD,0.0,,1000.0,31 March 2
00166103,James Dinsdale Limited,1.0,,1263.0,31 March 2
00280347,LEWIS (INVESTMENTS) LIMITED,0.0,,678603.0,31 March 2
00353542,SAML. FLOCKTON LIMITED,3.0,,27179.0,31 March 2
00353791,Brockett Investment Company Limited,8.0,,1766694.0,31 March 2
00381297,MILLCO (NOMINEES) LIMITED,1.0,,4.0,31 March 2
00278308,Scale Hill Hotel Limited,4.0,,-26110.0,31 March 2
00277337,J.W. Tasker & Son Limited,37.0,,412370.0,31 March 2
00358954,THE ESTATE OFFICES LIMITED,0.0,,73161.0,31 March 2
00188059,Caleb Rayner Limited,0.0,,7150180.0,31 March 2
00359222,FRIARSGATE DEVELOPMENTS LIMITED,0.0,,2.0,31 March 2
00012886,PRESTWICH CONSERVATIVE CLUB BUILDING COMPANY LIMITED,2.0,,83462.0,31 March 2
00207662,"W.& J.FOSTER,LIMITED",3.0,,1572.0,31 March 2
00207668,KINGSWOOD LAWN TENNIS CLUB LIMITED(THE),0.0,,145.0,31 March 2
00207799,Perkins Dyers and Cleaners Limited,9.0,,1127881.0,31 March 2
00373860,JOHN SIMPSON & SONS LIMITED,3.0,,833922.0,31 March 2
00364932,M.T.D.LIMITED,3.0,,92134.0,31 March 2
00373669,THE INSTITUTION OF CERTIFIED PUBLIC ACCOUNTANTS (1942) LIMITED,0.0,,2.0,31 March 2
00240686,Calcott Estates Limited,0.0,,432.0,31 March 2
00404758,Grafton Hall Estate Limited,0.0,,104.0,31 March 2
00237621,BOGNOR FREEMASONS HALL LIMITED,0.0,,121202.0,31 March 2
00235874,Macclesfield Conservative Club Limited,0.0,,1333329.0,31 March 2
00372320,SEVERN SIDE MILLS (BEWDLEY) LIMITED,1.0,70825.0,763266.0,31 March 2
00235555,ASHTEAD SPORTS CLUB LIMITED,0.0,,2325.0,31 March 2
00215759,Saltburn Masonic Trust Limited,0.0,,56496.0,31 March 2
00234238,1 HARRISON CLOSE LIMITED,,,8.0,31 March 2
00216126,Michael Bartholomew Limited,0.0,,132718.0,31 March 2
00017877,PORTSMOUTH & SOUTH EAST HAMPSHIRE CHAMBER OF COMMERCE AND INDUSTRY,,,0.0,31 March 2
00232557,A P LEWIS & SONS LIMITED,13.0,,783924.0,31 March 2
00217506,Welwyn Garden City Golf Club Limited,41.0,,1300440.0,31 March 2
00019242,THE WEST WALES CHAMBER OF COMMERCE,,,0.0,31 March 2
00228497,Basinghall Estate Company Limited,4.0,,41113532.0,31 March 2
00218403,Badgworthy Land Company Limited,9.0,,1675929.0,31 March 2
00369221,Helsby and Longden Limited,36.0,,4822222.0,31 March 2
00223364,WARRINGTON TRAINING COLLEGE(INCORPORATED),,,0.0,31 March 2
00403775,Drake Property Services Limited,3.0,,2100000.0,31 March 2
00205625,The Harpenden Sports Ground Ltd,0.0,,17838.0,31 March 2
00385080,"BRIGGS & PARTNER, LIMITED",13.0,,1393936.0,31 March 2
00243873,BRITISH UNION FOR THE ABOLITION OF VIVISECTION,,,2.0,31 March 2
00261935,Farm Walk Limited,2.0,,35.0,31 March 2
00188644,DAVID HAIGH LIMITED,4.0,,1075597.0,31 March 2
00379524,LINSTOCK AND SCOTBY FISHERIES LIMITED,,,100.0,31 March 2
00259016,HAYTHORNTHWAITE & SONS LIMITED,0.0,,338470.0,31 March 2
00190709,Ealing Golf Club (1923) Limited,30.0,,1511114.0,31 March 2
00254878,CHILDRENS HEALTH CENTRE FOR SOUTH WEST LONDON LIMITED(THE),0.0,,629000.0,31 March 2
00379232,ERNEST G.ROGERS & SONS LIMITED,2.0,,97.0,31 March 2
00378307,SIDNEY MICHAEL LIMITED,4.0,,4191068.0,31 March 2
00254010,RHYL MASONIC BUILDINGS.LIMITED(THE),1.0,,150765.0,31 March 2
00403768,CHAINCOURT LIMITED,0.0,,256761.0,31 March 2
00197014,Benson-Sedgwick Engineering Limited,15.0,,22937.0,31 March 2
00198858,DAWSON BIRKENHEAD HOUSES LIMITED,3.0,,275213.0,31 March 2
00377178,BEECHES FARM LIMITED,3.0,,4049926.0,31 March 2
00199651,"HEATHFIELD CLUB,LIMITED(THE)",0.0,,9962.0,31 March 2
00376684,MARLBOROUGH BAKERIES (1942) LIMITED,15.0,,101892.0,31 March 2
00375987,Walker Miller & Company Limited,20.0,,1261362.0,31 March 2
00201602,Porchester Hotel Limited,,,250677.0,31 March 2
00361399,Triangle Amusements Limited,36.0,,4527222.0,31 March 2
00251151,J.T. Scott & Sons (Brondesbury) Limited,,,135024.0,31 March 2
00249712,"Parsonson Brothers, Limited",0.0,,1453271.0,31 March 2
00363069,"SMITHS,SUITALL LIMITED",1.0,,924.0,31 March 2
00374509,Fyfield Estates Limited,1.0,,390669.0,31 March 2
00246762,F J Brindley & Sons (Sheffield) Limited,10.0,,-9080.0,31 March 2
00152195,WINCHESTER CHAMBER OF COMMERCE & INDUSTRY,,,0.0,31 March 2
00404788,DAY & COLES (AGRICULTURAL) LIMITED,10.0,,1205062.0,31 March 2
00285912,"Thomas Griffiths & Son, Limited",3.0,,260904.0,31 March 2
00098737,CONDOR IRONWORKS LIMITED(THE),3.0,,545433.0,31 March 2
00396582,Hamilton Murray & Partners Limited,,,2755.0,31 March 2
00083398,MACHINERY USERS' ASSOCIATION (INCORPORATED),0.0,,1031446.0,31 March 2
00317030,Rustic Estates Limited,2.0,,276393.0,31 March 2
00316946,A.J.Hawkins Limited,0.0,,84767.0,31 March 2
00395587,L.T.K.TRUST CO.LIMITED,,,5.0,31 March 2
00316628,W.J.&M.Mash Limited,11.0,,55132210.0,31 March 2
00402922,CLIFTON BROTHERS INDUSTRIES LIMITED,0.0,,4080.0,31 March 2
00097339,Prestwich Golf Club Limited,2.0,,1485193.0,31 March 2
00149199,MODERN ART SOCIETY (ENGLAND) LIMITED(THE),0.0,,500.0,31 March 2
00394626,Rampart Trust Co Limited,1.0,,118114.0,31 March 2
00396734,H.B. Burbidge & Son Limited,25.0,,467968.0,31 March 2
00313612,Grent Estates Limited,1.0,,75442.0,31 March 2
00313280,K.D.RADCLIFFE LIMITED,6.0,,758098.0,31 March 2
00008087,BIRKDALE PARK LAND COMPANY LIMITED,2.0,,2433418.0,31 March 2
00337311,W.H. Lyon Limited,,,75224.0,31 March 2
00311595,PENNARD BURROWS LIMITED,,,4050.0,31 March 2
00337435,The Willian Trust Limited,4.0,,4740000.0,31 March 2
00103948,THOMAS BRIGGS (BLACKBURN) LIMITED,1.0,,46378.0,31 March 2
00337609,Bath & West Counties Property Trust Limited,2.0,,82.0,31 March 2
00340688,Frincon (Colchester) Limited,2.0,,20661669.0,31 March 2
00080437,Butcher Curnow & Company Limited,3.0,,4926046.0,31 March 2
00396972,R.N. CARR LIMITED,4.0,,797636.0,31 March 2
00342682,Jesse Smith (Builders) Limited,2.0,,2375702.0,31 March 2
00005418,Fallowfield Bowling & Lawn Tennis Club Limited.,2.0,,309481.0,31 March 2
00047313,Hull Corn And Feed Trade Association Ltd,1.0,,30000.0,31 March 2
00047684,HOTCHKISS PATENTS AND INVESTMENTS LIMITED,0.0,,5754000.0,31 March 2
00325967,CORNWALL INVESTMENTS LIMITED,1.0,,380271.0,31 March 2
00330892,"Coopers Of Beeston,limited",0.0,,88170.0,31 March 2
00331510,Lawson's (Bury St Edmunds) Ltd,4.0,,3389000.0,31 March 2
00401419,G HASLEHURST BUILDERS LIMITED,10.0,,33500.0,31 March 2
00332129,Gascoignes of Coleshill Limited,3.0,,623648.0,31 March 2
00332183,Mawby & King Limited,38.0,,3852376.0,31 March 2
00056685,Exmouth Marina Ltd,7000.0,,6459000.0,31 March 2
00058588,DMAS Property Limited,0.0,,5753574.0,31 March 2
00334637,E JOY (Deptford) Ltd,8.0,,245948.0,31 March 2
00399642,ROYAL MINT SERVICES LIMITED,,,1000.0,31 March 2
00321338,WILSON BROS. (LOUGHBOROUGH) LIMITED,2.0,,6723.0,31 March 2
00321163,BROADWAY MARKET (1936) LIMITED,6.0,,1153021.0,31 March 2
00320606,M.P.M. Entertainments Corporation Limited,3.0,,46066.0,31 March 2
00067100,OAKLEIGH PARK LAUNDRY COMPANY LIMITED(THE),0.0,,55000.0,31 March 2
00320451,H.H. Property Company Limited,0.0,,235997.0,31 March 2
00074306,Darwin Science Park Limited,,,2083.0,31 March 2
00075049,M.Nicol & Co.Limited,2.0,,761.0,31 March 2
00334636,COOKSEY'S ESTATES LIMITED,2.0,,880795.0,31 March 2
00110367,BLACKPOOL PLEASURE BEACH (1910) COMPANY,,,606000.0,31 March 2
00315597,Continental Comestibles Limited,2.0,,400722.0,31 March 2
00126279,Northenden Golf Club Limited,4.0,,1450000.0,31 March 2
00287916,The Walsall Box Company Limited,20.0,,543232.0,31 March 2
00010931,"LIVERPOOL UNION BUILDINGS COMPANY,LIMITED",2.0,,1013957.0,31 March 2
00289522,Ernest Hinchliffe Limited,5.0,,176491.0,31 March 2
00138221,DORKING GOLF CLUB LIMITED,4.0,,90163.0,31 March 2
00299022,BRISCO (BUILDERS) LIMITED,1.0,,569556.0,31 March 2
00388268,Roberts & Sons (Curers) Limited,0.0,,200.0,31 March 2
00123786,"BIRMINGHAM PRESS CLUB,LIMITED(THE)",0.0,,5136.0,31 March 2
00125275,Geerings (Medway) Limited,2.0,,623556.0,31 March 2
00135594,Marments Limited,1.0,,5152795.0,31 March 2
00298781,Peake Estates Limited,4.0,,1450000.0,31 March 2
00298118,Ross-Shiells Limited,2.0,,1150.0,31 March 2
00134594,CHATTERIS UNIONIST CLUB COMPANY LIMITED(THE),0.0,,712.0,31 March 2
00294988,Auto Service Garage (Bournemouth) Limited,1.0,,364141.0,31 March 2
00296759,BARKING DEVELOPMENTS COMPANY LIMITED,2.0,,67987.0,31 March 2
00125996,"Allard & Company,Limited",2.0,,11371.0,31 March 2
00297218,COOMBE WOOD LAWN TENNIS CLUB LIMITED,4.0,,9354.0,31 March 2
00297673,Geerings Limited,4.0,,10812233.0,31 March 2
00141378,HALIFAX SOCIALIST HALLS LIMITED,0.0,,87786.0,31 March 2
00301459,"Hillsborough Golf Club,Limited",8.0,,1660537.0,31 March 2
00344525,JOHN BRACEWELL & SONS LIMITED,2.0,,24535.0,31 March 2
00148906,THE PAPWORTH TRUST,234.0,14525000.0,50158000.0,31 March 2
00350570,THOMAS TRANSPORT (WREXHAM) LIMITED,6.0,,10279.0,31 March 2
00113970,Wallace Brothers Trading & Industrial Limited,0.0,,118873773.0,31 March 2
00302341,William Powell Limited,26.0,,44126.0,31 March 2
00114653,MANCHESTER PROVISION EXCHANGE LIMITED,4.0,,18939.0,31 March 2
00146374,"SHINGLES,LIMITED",0.0,,63362.0,31 March 2
00386397,WMI LIMITED,0.0,,1064993.0,31 March 2
00391454,Tadworth Hotels Limited,,,1657313.0,31 March 2
00344535,PRP OPERATIONS LTD.,1.0,,512216.0,31 March 2
00300421,St. Mellons Country Estates Limited,2.0,,1.0,31 March 2
00350075,LONDON ASSOCIATION OF ACCOUNTANTS LIMITED(THE),,,0.0,31 March 2
00399104,HINDLEY MASONIC PROPERTIES COMPANY LIMITED,0.0,,87070.0,31 July 20
00055167,Hampshire Incorporated Law Society,3.0,,5384.0,31 July 20
00065664,Dover Masonic Hall Company Limited(The),2.0,,100580.0,31 Decembe
00156896,Greens Motors Ltd,9.0,,1328312.0,31 Decembe
00062288,"RATIONALIST PRESS ASSOCIATION,LIMITED(THE)",0.0,,991.0,31 Decembe
00322986,E.White & Son(Taunton)Limited,4.0,,78629.0,31 Decembe
00321419,BLUGILT HOLDINGS LTD,0.0,,3550000.0,31 Decembe
00398387,TASSIA LIMITED,9.0,,11390.0,31 Decembe
00231877,"EDWIN BLYDE & CO,LIMITED",6.0,,3241.0,31 Decembe
00225289,Guildford Diocesan Board of Finance,0.0,,208612000.0,31 Decembe
00221321,LEIGHTON BUZZARD SPORTS ASSOCIATION LIMITED,0.0,,15258.0,31 Decembe
00005254,The Manchester Law Society,3.0,,202050.0,31 Decembe
00082384,NETHERLANDS-BRITISH CHAMBER OF COMMERCE(THE),3.0,,9138.0,31 Decembe
00175597,PARKINSON-SPENCER REFRACTORIES LIMITED,96.0,9042872.0,3144242.0,31 Decembe
00376876,FEDERATION DES ASSOCIATIONS FRANCAISES EN GRANDE BRETAGNE LIMITED,3.0,,100.0,31 Decembe
00200073,ALFRED COX & SONS (BRIGHTON) LIMITED,1.0,,423.0,31 Decembe
00345529,BETTIX LIMITED,44.0,,422605.0,31 Decembe
00171327,Widdop Bingham & Co Limited,125.0,21566666.0,664514.0,31 Decembe
00317629,WRIGHT BROS.(W'HAMPTON)LIMITED,0.0,,42484.0,31 August 
00272622,Reginald Ford Limited,3.0,,54480.0,31 August 
00222672,EXE VALLEY FISHERY LIMITED,5.0,,369974.0,30/09/2025
00365912,Dance News Limited,1.0,,160580.0,30 Septemb
00105701,West Bradford Bowling Club Limited(The),5.0,,13278.0,30 Septemb
00395108,Brightley Mill Limited,,,295373.0,30 Septemb
00097506,Worlebury Golf Club Limited (The),0.0,,12087.0,30 Septemb
00166438,"Hull & East Riding Amateur Athletic Company,Limited(The)",0.0,,22357.0,30 Septemb
00305358,EDITH TIMPERLEY LIMITED,1.0,,15223.0,30 Septemb
00011692,Prestwich Liberal Club Building Co Ltd,0.0,,1600000.0,30 Septemb
00152507,Grand Pier Limited,153.0,6557887.0,23862999.0,30 March 2
00184166,OLD DUNSTONIANS SPORTS CLUB LIMITED,12.0,,28652.0,30 March 2
00122679,"CHARLES NORMAN,LIMITED",2.0,,787.0,30 June 20
00257380,Boyriven Limited,9.0,,1024296.0,30 June 20
00091818,Thirsk Farmers Auction Mart Company Limited,24.0,,6348835.0,30 June 20
00055547,ST EDMUND'S COLLEGE CAMBRIDGE,,,0.0,30 June 20
00257439,Edgar Watts Limited,11.0,,947575.0,30 June 20
00219018,DECORATIVE PLASTER COMPANY (NEWCASTLE) LIMITED,0.0,,0.0,30 June 20
00337878,"NODOR COMPANY,LIMITED(THE)",2.0,,0.0,30 Decembe
00379760,James L. Nash Limited,3.0,,303615.0,30 April 2
00106036,Watford Theatre Company Ltd,4.0,,21801.0,30 April 2
00296142,"GREAVES AND HARVEY,LIMITED",3.0,,410501.0,30 April 2
00256754,Gibsons International Limited,1.0,,1000.0,30 April 2
00061468,The Blackburn and Wincobank Conservative Club Limited,8.0,,297488.0,30 April 2
00252281,LAURENCE KINGSTON LIMITED,1.0,,376200.0,25 March 2
00092308,CABLE CHUTES II LIMITED,0.0,,1494.0,24 March 2
00399435,Alfred Willday & Son Limited,11.0,,451674.0,2025-10-31
00361308,ALBERT HARRISON & CO LIMITED,0.0,,304406.0,2025-09-30
00292195,Arundel Motors Limited,56.0,,3683915.0,2025-09-30
00007464,West Heaton Bowling Club Limited,,,-37816.0,2025-09-30
00301963,MONMOUTHSHIRE FARMING SUPPLIES LIMITED,0.0,,,2025-09-30
00232920,THE DORE & TOTLEY GOLF CLUB LIMITED,0.0,,1513145.0,2025-09-30
00233722,HART & CLOUGH LIMITED,0.0,,940204.0,2025-09-30
00364935,Dennis Berry Limited,2.0,,221072.0,2025-09-30
00360174,BROUGH HAVEN LIMITED,3.0,,255.0,2025-09-30
00005116,Reigate Stock Share And Estates Company Limited,0.0,,1824330.0,2025-09-30
00170454,THE ERA FOUNDATION LIMITED,0.0,,29714197.0,2025-09-30
00035885,JOHN ASTLEY & SONS LIMITED,0.0,,1.0,2025-09-30
00179506,KTH HOLTS LIMITED,0.0,,280132.0,2025-09-30
00380134,JAMES CHAMBERS (TIMBER MERCHANTS) LIMITED,0.0,,3740030.0,2025-09-30
00186498,WELLINGBOROUGH GOLF CLUB COMPANY LIMITED,32.0,,3357451.0,2025-09-30
00216549,HOME WORDS PRINTING AND PUBLISHING COMPANY LIMITED,3.0,,8491825.0,2025-09-30
00217282,THE KINGSTHORPE BOWLING CLUB LIMITED,0.0,,1056600.0,2025-09-30
00204138,HINDLEYS LIMITED,0.0,,14842.0,2025-08-31
00377635,HANKLEY COMMON GOLF CLUB LIMITED,34.0,,2964809.0,2025-08-31
00190744,SCOTT PRECISION WIRE LIMITED,0.0,,1543324.0,2025-08-31
00352679,H. & C. WHITEHEAD LIMITED,16.0,,708282.0,2025-07-31
00340342,JAMES RUANE & SONS (YORKS) HOLDINGS LTD.,0.0,,30083.0,2025-07-31
00038077,HUGHES HALL CONFERENCE COMPANY LIMITED,0.0,,47035.0,2025-07-31
00282985,DON HOCKEN LIMITED,0.0,,206626.0,2025-07-31
00359798,OPPERMAN INVESTMENTS LIMITED,0.0,,1768472.0,2025-06-30
00114650,JOB EARNSHAW & BROS.LIMITED,0.0,,7908442.0,2025-06-30
00397532,Cressy's Grains (Holdings) Ltd,0.0,,1378292.0,2025-06-30
00335207,TEACHERS MEDIA PLC,0.0,,,2025-06-30
00083089,"JOHNSON BROTHERS AND COMPANY, LIMITED",0.0,,25268632.0,2025-06-30
00171705,Collinson's Cut Soles Limited,0.0,,,2025-06-30
00121323,NORTHALLERTON AUCTIONS LIMITED,0.0,,2511324.0,2025-06-30
00111019,"ROCHDALE ASSOCIATION FOOTBALL CLUB,LIMITED(THE)",110.0,,1679834.0,2025-06-30
00012377,The Metropolitan Land and House Company Limited,3.0,,6138140.0,2025-06-30
00262555,ANDREW TYLEE LIMITED,0.0,,-242194.0,2025-06-30
00098606,EDWARD WILLIAMS HOLDINGS LIMITED,2.0,,7643471.0,2025-06-30
00196809,SCHOTT MUSIC LIMITED,19.0,,3568217.0,2025-06-30
00189754,YEOVIL FOOTBALL & ATHLETIC CLUB LIMITED (THE),1.0,,198326.0,2025-06-30
00253468,LONDON CIGARETTE CARD COMPANY LIMITED,0.0,,25649.0,2025-06-30
00378087,McNaught Key & Co. Limited,0.0,,,2025-06-30
00302454,Richmond Towers Limited,20.0,,,2025-06-30
00076760,THE BENTHAM AND DISTRICT FARMERS' AUCTION MART CO LTD,0.0,,2248399.0,2025-06-30
00363901,PARK ENGINEERING COMPANY(WOLVERHAMPTON)LIMITED(THE),4.0,,117382.0,2025-06-30
00191878,WHITBY & CHANDLER LIMITED,0.0,,1294822.0,2025-06-30
00292160,H DOLTON & SON LIMITED,6.0,,5464532.0,2025-06-30
00227202,VICTORIA TRADING LIMITED,0.0,,1689.0,2025-06-30
00400207,LELLO BROS. LIMITED,0.0,,81254.0,2025-06-30
00051828,BRISTOL ROVERS FOOTBALL CLUB LIMITED,2.0,,4260949.0,2025-06-30
00379606,ROBSON HANDLING TECHNOLOGY LIMITED,0.0,,2084529.0,2025-06-29
00105500,WILLIAM CORNS & SON LIMITED,0.0,,,2025-05-31
00217128,J.CUMMING & SONS LIMITED,0.0,,247814.0,2025-05-31
00208641,"SPECIAL STEEL CO., LIMITED",2.0,,78655311.0,2025-05-31
00186162,BURY ST EDMUNDS GOLF CLUB LIMITED,0.0,,1094943.0,2025-05-31
00367479,F.G. Curtis Limited,1.0,,2408749.0,2025-05-31
00355744,SPECIAL TESTING LIMITED,0.0,,456824.0,2025-05-31
00232010,WORCESTER CITY FOOTBALL CLUB LIMITED,0.0,,,2025-05-31
00276941,JOHN CHAPMAN & CO. (BUILDERS MERCHANTS) LIMITED,0.0,,3194900.0,2025-05-31
00292699,WELLS AND ROOT LIMITED,0.0,,2001053.0,2025-05-31
00314166,CHARLES LUMB & SONS LTD,0.0,,576061.0,2025-04-30
00400447,COMMON FARM LIMITED,0.0,,4605372.0,2025-04-30
00312678,ESSEX FLOUR & GRAIN COMPANY LIMITED,2.0,,111233.0,2025-04-30
00358221,C J THORNE & CO LIMITED,0.0,,987846.0,2025-04-30
00349041,TREFOREST MILL PLC,0.0,,6101246.0,2025-04-30
00039998,MANCHESTER LAND SECURITIES LIMITED,0.0,,53875.0,2025-04-30
00050647,J & F J Baker & Company Limited,16.0,,66042.0,2025-04-30
00172196,Lister Horsfall Limited,26.0,14725792.0,979787.0,2025-04-30
00166445,Oughtred and Harrison Limited,3.0,,640128.0,2025-04-30
00391572,WARINGS MASTER BAKERS LIMITED,0.0,,400747.0,2025-04-30
00171065,HAZEL GROVE GOLF CLUB LTD,0.0,,394350.0,2025-04-30
00323928,CASTLE LANE SECURITIES LIMITED,3.0,10062668.0,227377612.0,2025-04-30
00348739,THORCOURT ESTATES LIMITED,0.0,,1863289.0,2025-04-14
00348692,ABERVILL ESTATES LIMITED,0.0,,2482660.0,2025-04-14
00209009,SOCIETY FOR IRISH CHURCH MISSIONS,0.0,,,2025-04-05
00393727,NEW PROVINCIAL ENTERPRISES LIMITED,0.0,,1002513.0,2025-04-05
00379824,BURBAGE FARMS LIMITED,8.0,,2953224.0,2025-04-05
00266608,SHIP AND SHERRY LIMITED,0.0,,1160238.0,2025-04-05
00223680,MABANES PROPERTIES LIMITED,0.0,,3854441.0,2025-04-05
00305034,GRANTHAM & IVES LIMITED,5.0,,1177245.0,2025-04-05
00391575,REALTY & GENERAL TRUST COMPANY LIMITED,0.0,,,2025-04-05
00230146,HAPTON ESTATES LIMITED,0.0,,8509.0,2025-04-05
00337210,WATERFIELDS (LEIGH) LIMITED,3.0,,1379455.0,2025-04-05
00248092,CHORLTON TRUST LIMITED,1.0,,3171262.0,2025-04-05
00362378,R M ADDY & SONS LIMITED,0.0,,945514.0,2025-04-05
00325308,BALGLEY MANUFACTURING COMPANY LIMITED,0.0,,14886.0,2025-04-05
00331532,Claverhouse Limited,7.0,,2401283.0,2025-04-05
00364015,M AND C FARMS LIMITED,0.0,,628788.0,2025-04-05
00365743,New Era Academy Of Drama & Music (London) Limited (The),3.0,,78904.0,2025-04-05
00373005,WM. GRANT (PAULL) LIMITED,0.0,,8254994.0,2025-04-05
00363702,Anderson Trustees Limited,0.0,,100.0,2025-04-05
00295791,Rowand Estates Limited,1.0,,94818.0,2025-04-05
00115504,Grimsby Fish Merchant's Association Limited,4.0,,730.0,2025-04-05
00217856,C.Bower & Sons Limited,2.0,,356688.0,2025-04-01
00390738,VICTOR MANUFACTURING LIMITED,1.0,,4985611.0,2025-03-31
00389711,NORFOLK HOTEL (RICHMOND HILL) LIMITED,0.0,,,2025-03-31
00345929,GEORGE H.KIME & CO. LIMITED,1.0,,4709449.0,2025-03-31
00390211,EVERJOY PROPERTY LIMITED,2.0,,4256884.0,2025-03-31
00341331,George Collin & Sons Limited,3.0,,1011027.0,2025-03-31
00390322,THREADEX LIMITED,0.0,,16287.0,2025-03-31
00390468,J FAIRBURN LIMITED,0.0,,620831.0,2025-03-31
00344767,S. Cooper Holdings Limited,0.0,,3627545.0,2025-03-31
00346968,ROINES ESTATES LIMITED,0.0,,11666762.0,2025-03-31
00390767,BURNT OAK WALLPAPERS LIMITED,1.0,,563286.0,2025-03-31
00390920,Blackstock Farms Limited,2.0,,30614.0,2025-03-31
00389906,LEONARD GOULD & COMPANY LIMITED,32.0,,2205292.0,2025-03-31
00344032,Hayles Fruit Farm Limited,17.0,,247744.0,2025-03-31
00343238,Horsenden Estates Limited,3.0,,1500.0,2025-03-31
00343941,HICKMAN & LOVE (TIPTON) LIMITED,0.0,,9245134.0,2025-03-31
00389777,WINSTER ESTATES (MANCHESTER) LIMITED,0.0,,975411.0,2025-03-31
00347320,Anglo Swiss Maritime Company Ltd,1.0,,125203.0,2025-03-31
00388419,Nursuryland (London) Limited,,,10000.0,2025-03-31
00390671,E.DAVIES (ATLAS FOUNDRY) LIMITED,2.0,,1407174.0,2025-03-31
00405197,Walters Properties Limited,0.0,,2098444.0,2025-03-31
00339934,W G JACOBS LIMITED,0.0,,1467070.0,2025-03-31
00397574,MARSPIR LIMITED,0.0,,7239.0,2025-03-31
00334089,A & A PEATE LIMITED,0.0,,7252342.0,2025-03-31
00399216,BRITISH GUARANTEE TRUST LIMITED,0.0,,66434.0,2025-03-31
00402353,W A Poulton & Sons Ltd,2.0,,16041.0,2025-03-31
00399323,Cuerden Motors Limited,3.0,,482278.0,2025-03-31
00334074,R H DREW LIMITED,0.0,,1411232.0,2025-03-31
00333672,LEDBURY HUNT SECURITIES LIMITED,0.0,,1070.0,2025-03-31
00333508,COMBE HOUSE PROPERTIES LIMITED,1.0,,1507918.0,2025-03-31
00399707,HARROGATE INTERNATIONAL TOY FAIR LIMITED,0.0,,1113626.0,2025-03-31
00401831,Walters (Battersea) Limited,0.0,,1923616.0,2025-03-31
00331922,REX BOUSFIELD LIMITED,0.0,,339207.0,2025-03-31
00330823,TEKZONE SOUND AND VISION LIMITED,0.0,,2712170.0,2025-03-31
00330234,A. THOMPSON (PROPERTIES) LIMITED,0.0,,756030.0,2025-03-31
00402288,DERSINGHAM ROAD HOLDINGS LIMITED,0.0,,10659852.0,2025-03-31
00328211,BOROPEX HOLDINGS LIMITED,0.0,,6623.0,2025-03-31
00327337,ASSOCIATED DENTAL PRODUCTS LIMITED,0.0,,1677944.0,2025-03-31
00398600,NEW HIPPODROME (SOUTHAMPTON) LIMITED,0.0,,,2025-03-31
00396653,JAMES MILNER (BARROW) LIMITED,0.0,,15697.0,2025-03-31
00339914,ST. JOHN'S COURT (SOUTHEND) LIMITED,0.0,,5126504.0,2025-03-31
00396254,TURFSOIL LIMITED,0.0,,,2025-03-31
00339009,EARL AND EARL LIMITED,0.0,,281418.0,2025-03-31
00338670,MAYFIELD INVESTMENT TRUST LIMITED,4.0,,3316.0,2025-03-31
00338222,SHIPTON ESTATES LIMITED,0.0,,7567259.0,2025-03-31
00338189,NORTH LAUNDRY (ALDEBURGH) LIMITED (THE),0.0,,1031248.0,2025-03-31
00337929,FARREN ESTATE COMPANY LIMITED,2.0,,2205703.0,2025-03-31
00392284,SPEEDWELL ESTATES LTD,0.0,,-130729.0,2025-03-31
00392990,ELCOT SERVICE FLATS LIMITED,0.0,,4641087.0,2025-03-31
00393871,Padworth Estates Limited,2.0,,1980481.0,2025-03-31
00393996,KIRKBOURNE LIMITED,,,100.0,2025-03-31
00394214,HAROLD L. BATES & SON LIMITED,0.0,,466455.0,2025-03-31
00394475,"PENTEWAN SANDS, LIMITED",0.0,,12906368.0,2025-03-31
00337186,HEDLEY INVESTMENTS LIMITED,2.0,,632701.0,2025-03-31
00336946,OLD OAK FINANCE COMPANY LIMITED,0.0,,143825.0,2025-03-31
00336880,F E MAUGHAN LIMITED,0.0,,450856.0,2025-03-31
00395958,Macdona Property Company Ltd,1.0,,377650.0,2025-03-31
00347381,Neville Special Projects Limited,0.0,,251062.0,2025-03-31
00383479,P.B. FROST LIMITED,0.0,,395125.0,2025-03-31
00348101,Gaveds Limited,0.0,,3924091.0,2025-03-31
00362888,A R WILSON LIMITED,0.0,,4105941.0,2025-03-31
00374177,SUDIL PROPERTIES LTD.,0.0,,732010.0,2025-03-31
00374259,B W C (HOLDINGS) LIMITED,0.0,,925388.0,2025-03-31
00364797,P. & B. L. INVESTMENTS LIMITED,0.0,,326367.0,2025-03-31
00364719,"Castle Hill Quarry Co.,Limited",17.0,,15307689.0,2025-03-31
00363860,F.J.B THEATRES (GRIMSBY) LIMITED,0.0,,12850.0,2025-03-31
00363852,Ayneson Engineering Company Limited,2.0,,17118.0,2025-03-31
00374392,ROLLEM PATENT PRODUCTS LIMITED,38.0,,4628809.0,2025-03-31
00363079,"Carpenter's(Dulwich),Limited",2.0,,870982.0,2025-03-31
00374865,KILBURN VARIETIES LIMITED,0.0,,,2025-03-31
00403583,W.D.M. LIMITED,150.0,,8323000.0,2025-03-31
00375192,THE TANSOR THRASHING COMPANY LIMITED,0.0,,72488.0,2025-03-31
00361797,G H BUTTLE & CO LIMITED,2.0,,5140920.0,2025-03-31
00375723,ASJAC LIMITED,0.0,,533164.0,2025-03-31
00377602,J BANKS & CO LIMITED,0.0,,3889424.0,2025-03-31
00361272,Ribble Valley Estates Limited,2.0,,2523173.0,2025-03-31
00361075,Piskey Led Limited,1.0,,9608.0,2025-03-31
00360234,M MARCUS LIMITED,0.0,,1700744.0,2025-03-31
00378919,JOHN HARLEY LIMITED,0.0,,2066713.0,2025-03-31
00374056,HARRIS ELECTRICAL LIMITED,0.0,,243428.0,2025-03-31
00364890,CROPWELL BISHOP CREAMERY LIMITED,0.0,,5091319.0,2025-03-31
00365703,SOLENT LEISURE LIMITED,0.0,,,2025-03-31
00373047,HARRY RUFFELL & CO LIMITED,5.0,,443960.0,2025-03-31
00368609,M.J.READ LIMITED,0.0,,674984.0,2025-03-31
00368590,"Ludlow & Co.,Limited",0.0,,2716347.0,2025-03-31
00368881,REDHAM FARMS LIMITED,0.0,,990414.0,2025-03-31
00369593,Wilton (St. James's) Limited,69.0,,6848134.0,2025-03-31
00369818,EDWARD COWARD LIMITED,0.0,,2444398.0,2025-03-31
00370963,G.V.PRESTWOOD & SONS LIMITED,0.0,,88899.0,2025-03-31
00371993,D.H. THOMAS & SONS LIMITED,2.0,,53306.0,2025-03-31
00368572,SWIFT INVESTMENTS LIMITED,2.0,,5345384.0,2025-03-31
00372166,Beach Bros Limited,28.0,,348716.0,2025-03-31
00368040,NORTH RODE TIMBER COMPANY LIMITED,0.0,,565668.0,2025-03-31
00327072,CHISENHALE MARSH ESTATES COMPANY,0.0,,24363142.0,2025-03-31
00372371,J. PREEDY & SONS LIMITED,0.0,,1038939.0,2025-03-31
00372693,ARNEWOOD PROPERTY INVESTMENTS LIMITED,0.0,,21680.0,2025-03-31
00367506,Porters Transport (Grimsby) Limited,1.0,,-41614.0,2025-03-31
00367132,GENERAL ROAD SERVICES LIMITED,0.0,,,2025-03-31
00366398,K.B. BENFIELD GROUP HOLDINGS LIMITED,0.0,,219159.0,2025-03-31
00366174,SOMERSET CREAMERIES LIMITED,0.0,,,2025-03-31
00359855,T. & E. Neville Limited,0.0,,,2025-03-31
00379399,ROUSE ESTATES LIMITED,0.0,,400300.0,2025-03-31
00388377,Frasers Office Supplies Limited,12.0,,12356.0,2025-03-31
00385770,WS COSBY & SONS LIMITED,0.0,,33571.0,2025-03-31
00368733,W.E.C.S. Tools :Limited,3.0,,71945.0,2025-03-31
00383574,A. JAMES (JEWELLERS) LIMITED,6.0,,132415.0,2025-03-31
00352108,Purpose Powder Coatings Limited,12.0,,156798.0,2025-03-31
00351438,F.C. HEAYBERD & CO. LIMITED,2.0,,22057.0,2025-03-31
00350893,William Kellett & Sons Ltd,2.0,,1827969.0,2025-03-31
00383901,MORETON C CULLIMORE (GRAVELS) LIMITED,0.0,,4779648.0,2025-03-31
00384864,ELLIS OF RICHMOND LIMITED,98.0,42158062.0,1145768.0,2025-03-31
00385418,H G Waggett & Sons Limited,0.0,,64784.0,2025-03-31
00386612,F. C. D. PROPERTIES LIMITED,0.0,,417528.0,2025-03-31
00359581,Ken Ratcliffe & Son Limited,19.0,,1258671.0,2025-03-31
00386999,Hopeholm Trust Limited,1.0,,7133907.0,2025-03-31
00349557,LONDON & HOME COUNTIES SHOP HOLDINGS LIMITED,,,122984.0,2025-03-31
00387505,C.H.HOLLIS LIMITED,0.0,,832959.0,2025-03-31
00387873,Standerwick&#39;s Limited,0.0,,250000.0,2025-03-31
00349233,ARISTO (CATERING) LIMITED,1.0,,163334.0,2025-03-31
00388255,The Failand Land Co. Limited,0.0,,,2025-03-31
00349014,KEN-CRAV INVESTMENTS LTD,0.0,,3831422.0,2025-03-31
00348958,CLARENCE ESTATES (KINGSTON ON THAMES) LIMITED,0.0,,4886353.0,2025-03-31
00382719,ARNEWOOD ESTATES (MANAGEMENT) LIMITED,0.0,,,2025-03-31
00382446,FRANK GROUNDS LIMITED,0.0,,21725.0,2025-03-31
00352987,C A Bengry Limited,30.0,,640386.0,2025-03-31
00353190,ADELPHI FILMS LIMITED,4.0,,-13477.0,2025-03-31
00359299,FINTRAN LIMITED,0.0,,-82104.0,2025-03-31
00359012,ROBERTS & SPIEGEL ESTATES LIMITED,,,-29957.0,2025-03-31
00379922,COLE AMBROSE LIMITED,10.0,,10915928.0,2025-03-31
00379944,MORRELLS HOLDINGS LIMITED,3.0,,24883941.0,2025-03-31
00357738,PROVINCIAL GARAGE (LEICESTER) LIMITED,0.0,,520646.0,2025-03-31
00357258,BRANTHILL FARMS LTD.,13.0,,278417.0,2025-03-31
00380685,Western Farming Company Limited,3.0,,716778.0,2025-03-31
00380863,GREEN & BIRD LIMITED,0.0,,900275.0,2025-03-31
00355871,MADDERMARKET THEATRE TRUST LIMITED(THE),3.0,,160691.0,2025-03-31
00380987,BENNETTS FUNERAL DIRECTORS LIMITED,0.0,,844638.0,2025-03-31
00354834,WHITTAKER STOTT & SONS LIMITED,0.0,,867149.0,2025-03-31
00354457,SUN INVESTMENTS (ROBY) LIMITED,0.0,,49830.0,2025-03-31
00381094,Atrium Press Limited,3.0,,29854.0,2025-03-31
00354111,Anglo European Concessions Limited,0.0,,1.0,2025-03-31
00381449,E.I.C. (Exeter) Limited,7.0,2239068.0,24321377.0,2025-03-31
00381871,Ernest W Lucas & Co Limited,2.0,,367292.0,2025-03-31
00353250,TUDOR JENKINS PROPERTIES LIMITED,0.0,,3510155.0,2025-03-31
00370121,SYDNEY BURROWS LIMITED,0.0,,1328214.0,2025-03-31
00285787,ENFIELD HOLDINGS LTD,4.0,,343777.0,2025-03-31
00326182,COLPAC LIMITED,1.0,,3338284.0,2025-03-31
00241582,BRITISH AMALGAMATED THEATRES LTD,0.0,,1286325.0,2025-03-31
00203511,THOMAS KEATING LIMITED,0.0,,4610182.0,2025-03-31
00203459,SINGLETON INVESTMENT COMPANY LIMITED,0.0,,3550487.0,2025-03-31
00201780,SMITH NICHOLAS (PROPERTY CONSULTANTS ) LIMITED,0.0,,97725.0,2025-03-31
00201233,"KEETON,SONS & CO.,LIMITED",4.0,,1857285.0,2025-03-31
00200585,ALBERT E KEMPSTON LIMITED,0.0,,,2025-03-31
00199422,Joseph Truman & Company (1924) Limited,2.0,,,2025-03-31
00199223,"H.GAVENTA,LIMITED",11.0,,172087.0,2025-03-31
00196537,HEAP & PARTNERS LIMITED,0.0,,579787.0,2025-03-31
00196308,PC RICHARDSON & CO (MIDDLESBROUGH) LIMITED,80.0,,10336094.0,2025-03-31
00194518,John. Corbishley & Sons Limited,7.0,,168056.0,2025-03-31
00189860,CHARLES DICKINS LIMITED,0.0,,2904101.0,2025-03-31
00189618,A POTTERTON LIMITED,0.0,,723161.0,2025-03-31
00188150,Nicholsons Sealing Technologies Limited,120.0,14179385.0,3901539.0,2025-03-31
00188101,W.H. TILDESLEY LIMITED,42.0,,222631.0,2025-03-31
00187076,ELTON ESTATES COMPANY LIMITED,0.0,,2728348.0,2025-03-31
00186354,Morden Estates Company Limited,17.0,,1247649.0,2025-03-31
00186222,STONEWOOD SECURITIES LIMITED,4.0,,1859412.0,2025-03-31
00182306,MARLINGS LIMITED,0.0,,147672.0,2025-03-31
00181471,The Beechwood Estates Co. Limited,3.0,,16450990.0,2025-03-31
00178503,BRITISH INSTITUTE OF PROFESSIONAL PHOTOGRAPHY,0.0,,57272.0,2025-03-31
00177744,"THE BRITISH AND INTERNATIONAL FEDERATION OF FESTIVALS FOR MUSIC, DANCE AND SPEECH",0.0,,,2025-03-31
00172628,COUNTY FREEHOLD & LEASEHOLD ESTATES LIMITED,0.0,,23853377.0,2025-03-31
00172134,HOLLYWOOD GOLF CLUB LIMITED,0.0,,-180762.0,2025-03-31
00170768,Thomas Niven Limited,0.0,,995763.0,2025-03-31
00170196,GEORGE MOSS & SONS LIMITED,0.0,,54332301.0,2025-03-31
00167469,"MORTIMER, HARLEY LIMITED",0.0,,,2025-03-31
00166827,R.F.BEARD LIMITED,1.0,,,2025-03-31
00204475,"MILTON ESTATES,LIMITED",0.0,,132386.0,2025-03-31
00204638,Mostyn Estates Limited,42.0,,69277437.0,2025-03-31
00205663,WILLIAM GEE LIMITED,12.0,,4064.0,2025-03-31
00326019,BRIGHT INSTRUMENT CO. LIMITED,0.0,,1103810.0,2025-03-31
00241292,C L Properties Limited,0.0,,880268.0,2025-03-31
00239669,Glider and Blue Motor Services Limited,0.0,,-55478.0,2025-03-31
00239377,LEEDS PROPERTIES LIMITED,4.0,,8828336.0,2025-03-31
00238538,SHUREK MORRIS & CO. LIMITED,0.0,,,2025-03-31
00238475,MILLARD ESTATES LIMITED,0.0,,26356382.0,2025-03-31
00238316,Jahn (Maskiner) Limited,0.0,,82561.0,2025-03-31
00234372,A. M. CLARK LIMITED,0.0,,1182461.0,2025-03-31
00223173,SALISBURY & WOOD LIMITED,0.0,,751456.0,2025-03-31
00223068,BOB PARRY AND COMPANY LIMITED,0.0,,,2025-03-31
00221528,THOMAS ROBERTS (WESTMINSTER) LTD,0.0,,10049424.0,2025-03-31
00220638,GORING HOLDINGS LIMITED,1.0,,3093006.0,2025-03-31
00220603,NEUTRAL LIMITED,0.0,,4943.0,2025-03-31
00217953,THE CREDIT PROTECTION ASSOCIATION LIMITED,0.0,,176723.0,2025-03-31
00205738,FREDERICK HIAM LIMITED,88.0,22494497.0,29178366.0,2025-03-31
00217650,MORETON RICHES LIMITED,0.0,,,2025-03-31
00217275,Muller & Company (England) Limited,2.0,,110000.0,2025-03-31
00215861,CANNON TRUST LIMITED,0.0,,56673.0,2025-03-31
00215444,BOYS & BODEN LIMITED,269.0,46409712.0,29838423.0,2025-03-31
00214111,STAFFORDSHIRE BUILDERS SUPPLIES LIMITED,0.0,,332587.0,2025-03-31
00213854,WILKINSON AND SCOTT LIMITED,0.0,,667495.0,2025-03-31
00212346,DRAKE & FLETCHER LIMITED,6.0,,1797491.0,2025-03-31
00211710,"WILLIAM BOYER & SONS, LIMITED",2.0,,11381204.0,2025-03-31
00210794,THOMAS SWAN & CO LIMITED,1.0,,22224030.0,2025-03-31
00210263,BROWNSEA HAVEN WHOLESALE LIMITED,0.0,,,2025-03-31
00209425,BROWNSEA HAVEN PROPERTIES LIMITED,0.0,,1.0,2025-03-31
00208517,J.B. CORRIE AND COMPANY LIMITED,111.0,13269610.0,13812437.0,2025-03-31
00166018,Mark Williams & Sons Limited,,,171432.0,2025-03-31
00164138,THE BARNES SPORTS CLUB LIMITED,0.0,,827930.0,2025-03-31
00163590,LUKE HOWGATE & SON.LIMITED,0.0,,1652674.0,2025-03-31
00061184,THE MOSELEY PARK AND POOL COMPANY LIMITED,0.0,,3604.0,2025-03-31
00098872,GOLDERS HILL AND GENERAL ESTATES COMPANY LIMITED,0.0,,7527443.0,2025-03-31
00091182,ALEXANDER CARUS & SONS LIMITED,0.0,,424333.0,2025-03-31
00084313,BEAMA LIMITED,0.0,,6960.0,2025-03-31
00083515,"A.BELL & CO, LIMITED",49.0,,1613281.0,2025-03-31
00080544,EPPING SANITARY STEAM LAUNDRY COMPANY LIMITED,4.0,,54663.0,2025-03-31
00080105,Associated Property Owners Limited,9.0,,79082286.0,2025-03-31
00079326,E.C. Theedam Limited,,,36077.0,2025-03-31
00077258,THE WARWICK BOAT CLUB LIMITED,0.0,,698419.0,2025-03-31
00072101,British Standard Association Limited,0.0,,,2025-03-31
00069842,JAMES ROBINSON SPECIALITY INGREDIENTS LIMITED,0.0,,5560909.0,2025-03-31
00066075,JAMES SMITH & SON REDDITCH LIMITED,1.0,,1282322.0,2025-03-31
00061446,Provincial Property & Investment Co Ltd,1.0,,421729.0,2025-03-31
00060209,STEPHEN WALTERS & SONS LIMITED,98.0,8479967.0,2261455.0,2025-03-31
00100937,Burrows and Dunn Limited,2.0,,1507712.0,2025-03-31
00059246,T.W. BRACHER AND COMPANY LIMITED,0.0,,29098.0,2025-03-31
00058447,BURT BOULTON HOLDINGS LIMITED,0.0,,22470000.0,2025-03-31
00054862,George Farmiloe & Sons Limited,3.0,,24913552.0,2025-03-31
00052573,WAKELEY BROTHERS (RAINHAM KENT) LIMITED,0.0,,2403286.0,2025-03-31
00052362,HOPE'S AUCTION COMPANY LIMITED,0.0,,4719409.0,2025-03-31
00049631,NORFOLK CHAMBERS OF COMMERCE,14.0,,235711.0,2025-03-31
00037545,LEEDS AND BRADFORD BOILER COMPANY LIMITED,0.0,,7040271.0,2025-03-31
00034195,BROOKWOOD PARK LIMITED,8.0,,6163711.0,2025-03-31
00032795,THE MILL COMPANY LIMITED,0.0,,1248972.0,2025-03-31
00029876,WATERSIDE PLASTICS LIMITED,0.0,,449311.0,2025-03-31
00029356,SOUTHEND-ON-SEA LIBERAL CLUB (INVESTMENTS) LIMITED,0.0,,174476.0,2025-03-31
00021054,CARDIFF & GLAMORGANSHIRE PROPERTIES LTD,3.0,,1513592.0,2025-03-31
00100274,BELLIS BROTHERS LIMITED,0.0,,10359170.0,2025-03-31
00101234,ERNEST WEST & BEYNON LIMITED,0.0,,123250.0,2025-03-31
00162420,Avon School of Journalism Limited,0.0,,22000.0,2025-03-31
00135614,H.A.C. (HOLDINGS) LIMITED,0.0,,1965375.0,2025-03-31
00162115,DEAKIN AND FRANCIS LIMITED,18.0,,141517.0,2025-03-31
00160182,EXCELSIOR COMMERCIAL AND INDUSTRIAL HOLDINGS LIMITED,6.0,,1051338.0,2025-03-31
00154718,GAYTON CEREAL SEEDS LIMITED,1.0,,61772.0,2025-03-31
00153494,THE ROWSTON ESTATE COMPANY LIMITED,1.0,,179860.0,2025-03-31
00150810,JOHN RADCLIFFE & SONS (1802) LIMITED,3.0,,143356.0,2025-03-31
00149613,MELBOURNE STREET PROPERTIES LIMITED,6.0,,9841041.0,2025-03-31
00147111,THE DISTRICT ESTATES LIMITED,0.0,,130189560.0,2025-03-31
00143693,JOHN W.LAYCOCK.LIMITED,17.0,,875207.0,2025-03-31
00141834,Whalley Golf Club Limited,14.0,,718465.0,2025-03-31
00140166,GEORGE SYKES LIMITED,0.0,,518748.0,2025-03-31
00139670,The Colville Estate Limited,0.0,,12118451.0,2025-03-31
00138186,HOWITTS LIMITED,10.0,,71932.0,2025-03-31
00132651,THE ROYAL EASTBOURNE GOLF CLUB LIMITED,0.0,,338957.0,2025-03-31
00103472,Aberdare Cottage Company Limited. (The),3.0,,309229.0,2025-03-31
00130103,W.J. Tatem Limited,0.0,,33294939.0,2025-03-31
00129612,Darville and Son Limited,6.0,,10555674.0,2025-03-31
00125526,Russell Acott Limited,4.0,,7938743.0,2025-03-31
00122842,BOLTON GOLF CLUB LIMITED,0.0,,724027.0,2025-03-31
00122152,SOFNOL LIMITED,0.0,,604769.0,2025-03-31
00117884,JOHN RELF LIMITED,0.0,,2036534.0,2025-03-31
00115155,CLARE FISHERS LIMITED,0.0,,7825.0,2025-03-31
00113611,Thomas Wood & Sons Limited,2.0,,249660.0,2025-03-31
00111210,White Marble Quarries Limited,4.0,,3365055.0,2025-03-31
00110720,CROFTS & ASSINDER HOLDINGS LIMITED,5.0,,1911061.0,2025-03-31
00106442,MURPHY & SON LIMITED,0.0,,5090870.0,2025-03-31
00103614,Thompson Brothers Limited,0.0,,256977.0,2025-03-31
00241566,EBP Building Products Limited,0.0,,3858474.0,2025-03-31
00219179,A. A. Fisher Limited,0.0,,6199969.0,2025-03-31
00242381,BENNETTS FARMS & FOODS LIMITED,0.0,,730718.0,2025-03-31
00280474,HUNGERFORD MOTORS LTD,0.0,,5314.0,2025-03-31
00305500,MARSTON GREEN ESTATES LIMITED,1.0,,34209.0,2025-03-31
00304160,PANTMAWR LIME COMPANY LIMITED,0.0,,-905.0,2025-03-31
00303854,BRENT BROTHERS LTD,0.0,,301605.0,2025-03-31
00303688,WIBER-WOOD & PARTNERS LIMITED,0.0,,,2025-03-31
00301490,WAITE & SON (JEWELLERS) LIMITED,18.0,,2048953.0,2025-03-31
00301388,THORPE BROS (PROPERTIES) LTD,0.0,,5800514.0,2025-03-31
00300640,C N BROOMHEAD LIMITED,0.0,,,2025-03-31
00299640,THE HAMPTON WORKS (STAMPINGS) LIMITED,0.0,,,2025-03-31
00299426,HTTP:// LIMITED,,,10000.0,2025-03-31
00298734,CHURCHWOOD TRUST LIMITED,0.0,,823625.0,2025-03-31
00298201,SWANSEA TIMBER & PLYWOOD COMPANY LIMITED,20.0,,1446572.0,2025-03-31
00295798,VICKERS SCOTT INVESTMENT COMPANY LIMITED,0.0,,544302.0,2025-03-31
00295576,RANSOMS (HOOK) LTD.,0.0,,127853.0,2025-03-31
00295536,H.V.WAIT LIMITED,0.0,,15549.0,2025-03-31
00293258,E.W. WATTS (WISHAW) LIMITED,0.0,,1020520.0,2025-03-31
00292531,C H S DEVELOPMENTS LIMITED,0.0,,6271985.0,2025-03-31
00290512,"S.BRANNAN & SONS,LIMITED",37.0,,199667.0,2025-03-31
00290323,S & R MANAGEMENT LIMITED,0.0,,,2025-03-31
00288535,THE MAIDSTONE LAND COMPANY LIMITED,0.0,,3274757.0,2025-03-31
00288233,H.W.CLIFTON LIMITED,0.0,,607669.0,2025-03-31
00287220,Serlda Limited,0.0,,1810914.0,2025-03-31
00285666,C JENNER & SON LIMITED,0.0,,,2025-03-31
00285630,HAVERFORDWEST GOLF CLUB LIMITED,0.0,,321521.0,2025-03-31
00285467,JOHNSON (1996) LIMITED,0.0,,,2025-03-31
00284920,BEAUTIFUL WALLS LIMITED,0.0,,,2025-03-31
00282684,LEFTLEY BROTHERS LIMITED,0.0,,1149442.0,2025-03-31
00281899,AYLE COLLIERY COMPANY LIMITED,0.0,,739877.0,2025-03-31
00305734,C.U.C.CLIFFORD LTD,0.0,,-30947.0,2025-03-31
00305887,HILTON RUBIN INVESTMENTS LIMITED,0.0,,331704.0,2025-03-31
00306068,BROOKWOOD CEMETERY LIMITED,5.0,,667919.0,2025-03-31
00317864,F.E. MAUGHAN (ESTATES) LIMITED,0.0,,630021.0,2025-03-31
00325743,THE BELTWOOD PROPERTY COMPANY LIMITED,2.0,,4006092.0,2025-03-31
00325356,OLIVER BURRIDGE & COMPANY LIMITED,2.0,,1220000.0,2025-03-31
00325191,Rupert Crew Limited,2.0,,199709.0,2025-03-31
00324126,J.T. SHARPE & SONS LIMITED,0.0,,10237.0,2025-03-31
00323991,THE SWARLAND BRICK COMPANY LIMITED,0.0,,384064.0,2025-03-31
00323207,VICTOR PRINTING COMPANY LIMITED,0.0,,41619.0,2025-03-31
00322783,THE BRISTOL MARBLE COMPANY LIMITED,24.0,,121657.0,2025-03-31
00322559,Bellamy's of Oxford Limited,3.0,,3783227.0,2025-03-31
00322455,FRANK GOULDING LIMITED,0.0,,1045844.0,2025-03-31
00322120,THE KEMSLEY HOUSING TRUST LIMITED,3.0,,815338.0,2025-03-31
00321464,PINEWALK LIMITED,0.0,,261165.0,2025-03-31
00318243,J KENNEDY LIMITED,0.0,,45138.0,2025-03-31
00317267,The Brockmoor Foundry Company Limited,175.0,18518686.0,6075340.0,2025-03-31
00306370,ALLUVIAL DREDGES LIMITED,0.0,,23515.0,2025-03-31
00316543,CLEAR VIEW HOTELS LIMITED,0.0,,2057624.0,2025-03-31
00314560,Hofton & Son Limited,0.0,,296000.0,2025-03-31
00313249,W.SMITH & SONS (NUNEATON) LIMITED,0.0,,306260.0,2025-03-31
00311923,WELBY GARDENS ENCLOSURE LIMITED,3.0,,250.0,2025-03-31
00311238,COOMBE ROADS ASSOCIATION LIMITED,3.0,,3315.0,2025-03-31
00310955,BRADLEYS LIMITED,0.0,,276400.0,2025-03-31
00309809,PROPERTIES AND INVESTMENTS (EASTBOURNE) LIMITED,0.0,,174293.0,2025-03-31
00308067,COEL INVESTMENTS LIMITED,0.0,,2043880.0,2025-03-31
00307282,BRYANSTON PROPERTY COMPANY LIMITED,0.0,,1739209.0,2025-03-31
00307258,LEYBOURNE URWIN LIMITED,30.0,,477102.0,2025-03-31
00306850,GLT LIMITED,0.0,,964537.0,2025-03-31
00306579,G & S Brough Limited,44.0,,515595.0,2025-03-31
00280662,Nealestone Farms Limited,4.0,,1298836.0,2025-03-31
00405266,THOMAS ARTHUR & GORDON LIMITED,0.0,,5600009.0,2025-03-31
00255176,Francis E.Collingwood & Company Limited,3.0,,-22535.0,2025-03-31
00274385,SNAPE & SON (BILSTON) LIMITED,0.0,,406341.0,2025-03-31
00254598,Rossendale Masonic Hall Company Limited (The),1.0,,10387.0,2025-03-31
00248685,W R LARKIN LIMITED,0.0,,39186.0,2025-03-31
00250773,SECOMAK LIMITED,0.0,,164572.0,2025-03-31
00273363,Percy Metal Company Limited,1.0,,74881.0,2025-03-31
00272577,P.& M.J.WRIGHT (HOLDINGS) LIMITED,0.0,,1996248.0,2025-03-31
00251663,KNAP HILL NURSERY LIMITED,0.0,,926570.0,2025-03-31
00272247,POCKLINGTON SPORTS GROUND LTD,0.0,,666.0,2025-03-31
00269133,A. STUTLEY & SONS LIMITED,0.0,,3296143.0,2025-03-31
00266985,AMERSHAM (HOLDINGS) LIMITED,0.0,,9452425.0,2025-03-31
00251757,COOK BRIGHTON LIMITED,0.0,,6416696.0,2025-03-31
00266235,LUKE BRENNAN LIMITED,0.0,,,2025-03-31
00265446,"H. & C. BEART, LIMITED",0.0,,1580611.0,2025-03-31
00264910,"EDWIN PEAT AND SONS, LIMITED",5.0,,1182836.0,2025-03-31
00263584,M.S. Michael & Co. Limited,0.0,,-36.0,2025-03-31
00252078,ANTOINETTE HOTEL WIMBLEDON LIMITED,33.0,,6491539.0,2025-03-31
00253475,Premier Livestock Auctions Limited,0.0,,4829063.0,2025-03-31
00254115,Pedigree Stock Farm Developments Limited,1.0,,533832.0,2025-03-31
00273600,BURNTWOOD ESTATES LIMITED,0.0,,27477.0,2025-03-31
00254574,Chalfont House Limited formerly The Acme Spring Co Limited,0.0,,40338.0,2025-03-31
00279477,Milehams Storage Limited,0.0,,1.0,2025-03-31
00244947,Lyepole Fishing Limited,2.0,,57654.0,2025-03-31
00246930,H C JONES & CO. (SURREY) LTD,0.0,,22652958.0,2025-03-31
00246435,"J. STELL & SONS, LIMITED",1.0,,2358479.0,2025-03-31
00280366,GORDONS (BOLTON) LIMITED,0.0,,1717498.0,2025-03-31
00244574,J GRATRIX AND COMPANY LIMITED,0.0,,128039.0,2025-03-31
00279461,THE FOUNTAIN PEN EXCHANGE LIMITED,0.0,,0.0,2025-03-31
00276764,Alexander Black Limited,1.0,,164654.0,2025-03-31
00280296,GFXH PROPERTIES LIMITED,0.0,,502800.0,2025-03-31
00246322,USWAYFORD FARM LIMITED,0.0,,500501.0,2025-03-31
00246029,Tonra Limited,1.0,,74564.0,2025-03-31
00277924,T.Meredith Roberts and Company Limited,2.0,,681933.0,2025-03-31
00247773,Rishton Golf Club Limited,15.0,,145590.0,2025-03-31
00286315,GJC INVESTMENTS LTD,2.0,,2694855.0,2025-03-30
00380261,MULLINS & WESTLEY LIMITED,0.0,,2981383.0,2025-03-30
00361227,British Estate Investment Society Ltd,0.0,,87731.0,2025-03-30
00129564,DAVY & COMPANY LIMITED,0.0,,15473296.0,2025-03-30
00319026,A. E. (ESTATE DEVELOPERS) LIMITED,4.0,,250144.0,2025-03-30
00194383,EL VINO COMPANY LIMITED,0.0,,-1147529.0,2025-03-30
00251172,WRENTHAM ESTATES LTD,4.0,,324184.0,2025-03-30
00219880,DENIS FERRANTI METERS LIMITED,0.0,,79972.0,2025-03-30
00196020,PARKER'S (MANCHESTER & BOLTON) LIMITED,0.0,,-392617.0,2025-03-30
00081145,Robert Dyas Ltd,0.0,,,2025-03-29
00383347,"T.A.PRIESTLEY,LIMITED",0.0,,89768.0,2025-03-29
00379888,CHASE PRODUCTS (ENGINEERING) LIMITED,0.0,,7418.0,2025-03-28
00200794,CRITTALL WINDOWS LIMITED,149.0,,663.0,2025-03-28
00170138,W S HEANE LIMITED,0.0,,10438.0,2025-03-26
00241082,"HENDER & SONS,LIMITED",0.0,,1918014.0,2025-03-25
00320964,PROVINCIAL FLATS LIMITED,0.0,,1102746.0,2025-03-25
00370873,A.E.RICKARDS LIMITED,0.0,,1851712.0,2025-03-25
00204303,JAMES HALL AND COMPANY (PROPERTIES) LIMITED,0.0,,100801120.0,2025-03-24
00129307,BARNITTS LIMITED,0.0,,3633844.0,2025-02-28
00297898,SIBLEY MATERIAL MOVEMENTS LIMITED,0.0,,5000.0,2025-02-28
00294532,RUSSELL FINEX LIMITED,209.0,,8023675.0,2025-01-31
00334166,JONES CHALK & DAWSON LIMITED,0.0,,2214.0,2024-12-31
00244543,C. RASSELL LIMITED,0.0,,35637.0,2024-12-31
00276474,CED STONE GROUP LIMITED,0.0,,,2024-12-31
00055771,HEIMBACH UK LIMITED,0.0,,7233045.0,2024-12-31
00233901,Thomas Black.Limited,0.0,,-11002.0,2024-12-31
00165134,MEYER & MORTIMER LIMITED,1.0,,591.0,2024-12-31
00356451,GODIVA U.K. LIMITED,26.0,2874821.0,101833.0,2024-12-31
00349667,C.THOROWGOOD LIMITED,3.0,,3605.0,2024-12-31
00039100,Yeovil And South Somerset Liberal Club Company Limited,4.0,,752062.0,2024-12-31
00171839,Powertrain Services UK Limited,2.0,113442.0,-2102972.0,2024-12-31
00037101,NORFOLK AND NORWICH LAW SOCIETY,3.0,,22641.0,2024-12-31
00238721,TEAM INDUSTRIAL SERVICES (UK) LIMITED,2.0,,4406000.0,2024-12-31
00244661,ANCEFIN LIMITED,0.0,,-562856.0,2024-12-31
00187552,FAYERS PLUMBING AND BUILDING SUPPLIES LIMITED,54.0,,2228680.0,2024-12-31
00403796,DERSINGHAM BUILDING & CONTRACTING COMPANY LIMITED,0.0,,200.0,2024-12-31
00404531,TWIFLEX LIMITED,1.0,,15800000.0,2024-12-31
00064386,First Finsbury Trust Ltd,0.0,,418.0,2024-12-31
00335001,DURTNELL LIMITED,0.0,,17169253.0,2024-12-31
00248070,J.Wardle & Son Limited,12.0,,727523.0,2024-12-31
00101685,THE UNITED REFORMED CHURCH (EASTERN PROVINCE) TRUST,0.0,,,2024-12-31
00185179,WREXHAM MASONIC HALL COMPANY LIMITED,0.0,,786571.0,2024-12-31
00122295,STRATHEARN PUBLISHING LIMITED,0.0,,17086.0,2024-12-31
00020100,Chelmsford Club Limited,5.0,,313335.0,2024-12-31
00262094,HERMES TRUST LIMITED,0.0,,228295.0,2024-12-31
00108781,NATIONAL OILWELL (U.K.) LIMITED,0.0,4000.0,3000.0,2024-12-31
00125585,TUKE AND BELL LIMITED,0.0,,925465.0,2024-12-31
00262326,THE DARENTH RIVER BALLAST COMPANY LIMITED,0.0,,24814518.0,2024-12-31
00101735,R. BLACKETT & SON LIMITED,0.0,,112496.0,2024-12-31
00371475,RUBERT & CO. LIMITED,0.0,,843191.0,2024-12-31
00310506,EAST GRINSTEAD TYRE SERVICE LIMITED,0.0,,1402891.0,2024-12-31
00144147,W. FOULSHAM & CO. LIMITED,0.0,,-116924.0,2024-12-31
00084884,COLEHERNE LTD,67.0,,5060860.0,2024-12-31
00348581,Taylor's (Blackpool) Ltd,0.0,,69651.0,2024-12-31
00158829,BIBBY TRANSMISSIONS LIMITED,0.0,,,2024-12-31
00328747,HICKSON LIMITED,38.0,,6191000.0,2024-12-31
00221331,KING'S HEATH CRICKET & SPORTS CLUB LIMITED,0.0,,159481.0,2024-12-31
00315140,NEWMAN'S FOOTWEAR LIMITED,0.0,,308568.0,2024-12-29
00258350,Thomas Baty & Sons (Carlisle) Limited,,,474986.0,05/04/2025
00322250,BELLS OF CANTERBURY LIMITED,4.0,,36341.0,05/04/2025
00373008,Baxter's Holdings Limited,2.0,,425496.0,05 April 2
00260400,RICHARD HICKS (PROVINCIAL) LIMITED,1.0,,15069.0,05 April 2
00383062,J T  Dixon & Sons (Whitley Bridge) Ltd,2.0,,335950.0,05 April 2
00001452,RYE CATTLE MARKET COMPANY LIMITED,6.0,,376323.0,
00006028,CRAVEN DUNNILL & CO.LIMITED,44.0,,2181651.0,
00010416,Sutton-in-Ashfield Town Hall Company Ltd,5.0,,1834842.0,
00012980,Portsmouth Cornerstone Ltd,0.0,,698098.0,
00019680,Gloucestershire and Wiltshire Incorporated Law Society,1.0,,16597.0,
00028997,Lincolnshire Chamber of Commerce & Industry Limited,22.0,,41209.0,
00039315,CHARLES FRODSHAM & CO LIMITED,15.0,,410707.0,
00043694,ROBERTS METAL PACKAGING LTD,63.0,7840582.0,1909086.0,
00052099,"S.A.Brain & Company,Limited",31000.0,,14247000.0,
00054426,FAVERSHAM LAUNDRY LIMITED,101.0,,3638745.0,
00057548,SECULAR SOCIETY LTD,0.0,,606219.0,
00059848,Connard and Son Limited,8.0,,499406.0,
00064585,Morco Products Limited,19.0,16644741.0,498871.0,
00066322,"THOMAS GAMESON & SONS,LIMITED",14.0,,165369.0,
00076221,Lewis & Cooper Limited,36.0,,869184.0,
00079406,NEW MILLS MASONIC HALL COMPANY LIMITED(THE),0.0,,987.0,
00080316,HIGH FARM WELHAM LIMITED,0.0,,179217.0,
00087422,Mitchell Cotts East And Central Africa Limited,0.0,,-55157.0,
00088982,Leyton Orient Football Club Limited,211.0,9431054.0,3452799.0,
00096838,Reedham Park Tennis Club Limited,0.0,,103605.0,
00098139,NEW ZEALAND GOLF CLUB LTD,0.0,,1697460.0,
00104118,WILPSHIRE GOLF CLUB LIMITED,6.0,,355719.0,
00104372,TURNERS COURT YOUTH TRUST,0.0,,475654.0,
00104681,ELPHICK & SON LIMITED,7.0,,2978259.0,
00105898,TILLEY INTERNATIONAL LIMITED,1.0,,95059.0,
00112840,DYKE GOLF CLUB LIMITED,22.0,,954888.0,
00114440,CORDS COVENTRY LIMITED,0.0,,458793.0,
00121524,Waddington And Ledger Limited,42.0,6220035.0,1672536.0,
00124707,ABOYNE-CLYDE RUBBER ESTATES OF CEYLON LIMITED,0.0,,2431111.0,
00129848,"G.Small & Sons,Limited",3.0,,872921.0,
00132250,JOSEPH DOBSON & SONS LIMITED,2.0,,1695827.0,
00135924,HAMPSON BROS (BUXTON) LIMITED,1.0,,384414.0,
00140912,A C GILL LIMITED,65.0,,2594994.0,
00143331,G.W.FOOTE & CO. LIMITED,0.0,,-126404.0,
00143597,SLEAFORD MASONIC BUILDINGS COMPANY LIMITED(THE),16.0,,318668.0,
00150973,CLAXTON LAUNDRY LIMITED,4.0,,4433000.0,
00153998,GRIFFITH AND COMPANY LIMITED,0.0,,1053882.0,
00156124,THE DEANE GOLF CLUB LIMITED,12.0,,1376923.0,
00157872,Leonard Cooper Limited,22.0,,558194.0,
00160199,ROCHDALE REFORM BUILDINGS LIMITED,0.0,,11670.0,
00165116,French & Jupps Limited,28.0,,25577866.0,
00165718,TUSK HOLDINGS LIMITED,0.0,,423573.0,
00172132,DEAN AND TRANTER LIMITED,5.0,,250632.0,
00173055,OGDEN FIBRES LIMITED,1.0,,11936.0,
00174961,JOHN PILLEY PROPERTIES LIMITED,4.0,,1140839.0,
00175765,"F.W.Dobson & Co.,Limited",0.0,,2.0,
00175810,THE OLD LYONIAN ATHLETIC CLUB LIMITED,0.0,,4920.0,
00180109,A.G. WESTMORELAND & CO. LIMITED,0.0,,132487.0,
00180504,HERBERT FREESTON LIMITED,0.0,,1131752.0,
00181286,The Invincible Electrical Engineering Company Limited,7.0,,208516.0,
00181324,R.W.D. Properties Limited,3.0,,7052119.0,
00183129,Southport and Ormskirk Law Society Incorporated,0.0,,29.0,
00186454,Walkers Nonsuch Limited,77.0,14971694.0,1395512.0,
00188624,Newcastle-Under-Lyme Golf Club Limited,30.0,,318814.0,
00189253,"Horace Green & Co.,Limited",2.0,,1124408.0,
00189606,ELSHAM GOLF CLUB LIMITED,0.0,,57031.0,
00191101,THE EAST INDIAN PRODUCE COMPANY LIMITED,1.0,,51845.0,
00191427,The Rolling Stock & Engineering Co. Limited,4.0,,1823306.0,
00191867,THE LYTHAM (GREEN DRIVE) GOLF CLUB LTD,22.0,,1449595.0,
00192710,"J.Turner & Co.,Limited",0.0,,-1298.0,
00193871,E M D PARKINSON LIMITED,2.0,,123369.0,
00194501,WALTER WOODTHORPE LTD,2.0,,53200.0,
00197063,E TURNBULL & SON LIMITED,10.0,,1137884.0,
00197413,CHIGWELL GOLF CLUB LIMITED(THE),30.0,,1378330.0,
00201473,"C.H.Taylor & Co.,Limited",0.0,,945842.0,
00203529,C Engelmann Limited,4.0,,4264210.0,
00204611,The Colley Wood Syndicate Limited,0.0,,17897.0,
00212266,"A.F.Smith & Sons, Limited",1.0,,864.0,
00213898,Jarvis & Womack Limited,24.0,,2228929.0,
00214645,"Pratt & Gelsthorpe, Limited",27.0,,1335209.0,
00216255,Lead Sheet Training Academy Limited,5.0,,65746.0,
00223011,Scraptoft Golf (Holdings) Limited,0.0,,13644.0,
00223081,Llewellins Machine Company Limited,17.0,,5557222.0,
00223759,VANGUARD METROPOLITAN LIMITED,2.0,,2734829.0,
00226718,WILLIAM BRIDGE LIMITED,3.0,,3549.0,
00229290,Pumpherston Estates Limited(The),5.0,,9878091.0,
00232361,GRENFELL ASSOCIATION OF GREAT BRITAIN AND IRELAND(THE),0.0,,430423.0,
00237685,CAMPUS LIMITED,3.0,,2901196.0,
00241587,B ROGERS KNIGHT (STRATFORD ON AVON) LIMITED,1.0,,1059235.0,
00244555,THE SONCINO PRESS LIMITED,2.0,,259572.0,
00245378,MODERN SUPER COACHES LIMITED,0.0,,10580.0,
00248183,UPTON & SONS LIMITED,6.0,,5611689.0,
00248925,G. Reuthe Limited,1.0,,4039461.0,
00251864,THE ROTHERHAM SAND AND GRAVEL COMPANY LIMITED,14.0,,10093442.0,
00255893,T CLARK & SON LIMITED,3.0,,23256672.0,
00256460,SMEATON HANSCOMB & CO.LIMITED,1.0,,1006029.0,
00257874,ILES GLASSWARE LIMITED,0.0,,-8806.0,
00257958,Geo. Cooper & Sons (Pickering) Limited,20.0,,1067900.0,
00258527,A.E.MONK & CO.(LONDON) LTD,0.0,,526295.0,
00259441,GEO HILL (GROCERS) LIMITED,6.0,,35314.0,
00259775,J.A.Robarts And J.J.Harding Limited,3.0,,4017984.0,
00263547,Aykroyd & Sons Limited,115.0,81739457.0,3660331.0,
00268106,"BEECH HILL CONSERVATIVE CLUB BUILDINGS COMPANY, LIMITED",2.0,,24081.0,
00273063,Brighton & Hove Motor Club Ltd (The),0.0,,59095.0,
00274354,The St Paul's Walden Bury Estate Company Limited,11.0,,43341565.0,
00274960,THOMSON BROS (NEWCASTLE) LIMITED,6.0,,1001074.0,
00275446,EDWARD BENTON & CO LTD,2.0,,356099.0,
00275988,Tortworth Estate Limited,14.0,,55747716.0,
00278011,DRYWITE LIMITED,30.0,,563333.0,
00278810,James Gore & Sons Limited,4.0,,1124266.0,
00282862,MCCONOMY & CO. LIMITED,2.0,,1831098.0,
00286494,JOHN CHRISTIE LIMITED,1.0,,850103.0,
00287811,DONOVAN & CO.(BARGES)LIMITED,0.0,,41147.0,
00288166,WILLIAM SMITH (WAKEFIELD) LIMITED,10.0,,3810444.0,
00291553,ALBEMARLE PROPERTY COMPANY LIMITED,0.0,,115040.0,
00292060,WEST SURREY BUILDING ESTATES LIMITED,1.0,,1900203.0,
00293103,W.A. TRUELOVE & SON LIMITED,74.0,6411254.0,9923657.0,
00296782,Lochluichart Estate Company Limited,13.0,,2302581.0,
00297189,Derbyshire Property Trust Limited (The),4.0,,13396069.0,
00297777,HARDROCK LIMITED,2.0,,1563.0,
00298001,E MACKINNON & CO. LIMITED,21.0,,2531035.0,
00299274,A.BANCROFT & SONS (HULL) LIMITED,0.0,,450.0,
00301006,FRANK E. SEARY LIMITED,0.0,,205282.0,
00301257,PHILLIPS LAND AND ESTATE COMPANY LIMITED,1.0,,421952.0,
00301310,"Metropolitan & Country Land & Estate Company,Limited",4.0,,20732039.0,
00303005,THOMAS (P.T.F.T.) LTD.,0.0,,1403755.0,
00304106,BACKHOUSE INSURANCE BROKERS LIMITED,29.0,,77547.0,
00304354,Ernest Derricott Ltd,1.0,,1746549.0,
00309071,OLD COULSDON BOWLING CLUB LIMITED,10.0,,98581.0,
00309875,H.R.Hill Limited,4.0,,599629.0,
00309934,Cooke Bailey Limited,1.0,,126803.0,
00310523,SHIRLEY PROPERTIES LIMITED,3.0,,1443871.0,
00313089,ALBANY ENGINEERING COMPANY LIMITED(THE),59.0,,563337.0,
00313903,Pickhill Engineers (Hipperholme) Limited,3.0,,2772730.0,
00315883,SCOTTISH TRUST MANAGERS LIMITED,1.0,,338569.0,
00316952,Direct T.T.Supplies Limited,8.0,,3673945.0,
00318668,SOUTHGATE PROPERTIES LIMITED,1.0,,891487.0,
00319959,GERALD JUDD LIMITED,2.0,,7426700.0,
00319970,THE INCORPORATED BENEVOLENT ASSOCIATION OF THE CHARTERED INSTITUTE OF PATENT ATTORNEYS,0.0,,1188052.0,
00320812,L. & D. REDMAN LIMITED,4.0,,7477082.0,
00321956,CHARLIER (HYTHE) LIMITED,3.0,,1136725.0,
00323441,Hitchin Property Trust Limited(The),8.0,,60799569.0,
00324511,REYNOLDS (WIMBLEDON) LIMITED,2.0,,920639.0,
00326364,Wilbraham Building Company Limited,1.0,,1106001.0,
00326384,J. Stoneman and Sons Limited,1.0,,684494.0,
00327097,Lothbury Estates Limited,3.0,,3629334.0,
00327493,HALLAMSHIRE DEVELOPMENTS LIMITED,0.0,,5438365.0,
00327956,COLT ESTATES LIMITED,2.0,,1751565.0,
00329559,Campbell Estates Limited,0.0,,27914.0,
00330572,H.& M.Bottomley Limited,3.0,,690548.0,
00331567,WATERS BROTHERS LIMITED,3.0,,697005.0,
00333206,JOHN NODES & SONS LIMITED,4.0,,643305.0,
00334036,WARLANDS (OXFORD) LIMITED,3.0,,168151.0,
00335536,Arberfield Trust Limited,2.0,,2307848.0,
00337183,G.prudhoe & Company Limited,14.0,,535062.0,
00338308,M E Rumble & Sons Ltd,2.0,,58431.0,
00338775,W.N. GUTTERIDGE LIMITED,2.0,,24519.0,
00341209,L.W. VASS LIMITED,7.0,,5283308.0,
00342598,"CLARIDGE & HALL BROS., LIMITED",7.0,,276675.0,
00343908,Allan & Atwood Limited,2.0,,1124071.0,
00344479,THE TRADING POST LIMITED,12.0,,6142669.0,
00347456,E.F. Meering Limited,2.0,,2335663.0,
00348022,Bretts Transport Limited,103.0,14684674.0,2527871.0,
00348151,SANDILANDS (ELECTRIC) LIMITED,1.0,,-37174.0,
00348228,BARTON TOWNLEY (BARROW) LIMITED,25.0,,250068.0,
00348703,HOPE PROPERTY MANAGEMENTS LIMITED,1.0,,812003.0,
00351505,H. Fox & Sons (London) Ltd,0.0,,1.0,
00355541,Morpeth Property Investments Ltd,2.0,,360120.0,
00355737,NATIONAL SPIRITUAL ASSEMBLY OF THE BAHA'IS OF THE UNITED KINGDOM,48.0,,11995101.0,
00357098,CHOLDERTON AND DISTRICT WATER COMPANY LIMITED,2.0,,268436.0,
00357290,NOTTINGHAM TEXTILES LIMITED,24.0,,690850.0,
00359056,Rainscourt Limited,2.0,,225348.0,
00359703,EAST RIDING FARMERS LIMITED,1.0,,411657.0,
00359805,WALTER CLIFFORD & SONS LIMITED,0.0,,425000.0,
00360505,LC DESIGNS CO. LIMITED,46.0,13141914.0,5001801.0,
00360552,Oakley Properties (Bedford) Limited,5.0,,9617397.0,
00360637,A. Stockall And Son Limited,2.0,,1080088.0,
00361649,W. METCALFE (LEAMINGTON) LIMITED,2.0,,3409768.0,
00361854,"SHERWOOD FARMS,LIMITED",19.0,,5268804.0,
00361893,Davidsons (Manchester) Limited,3.0,,2030502.0,
00363675,C. B. Baggs Group Limited,6.0,,1289.0,
00366149,Frost (Rochdale) Limited,1.0,,366690.0,
00366297,J. Plosker & Co. Limited,0.0,,319601.0,
00366872,Paynes Stores Limited,3.0,,10522101.0,
00366922,Arthur Welham Limited,1.0,,-757.0,
00366930,H. Poole Limited,0.0,,159570.0,
00367317,DELAINE BUSES LTD,41.0,,2085253.0,
00367537,SHEPHERD FARMS LIMITED,2.0,,64688.0,
00370375,J.B.H.limited,4.0,,3448354.0,
00371032,"BENFREY,LIMITED",0.0,,1581645.0,
00371181,GLASSWORKS HOUNSELL LIMITED,37.0,,234991.0,
00371207,ROMEO TRADING COMPANY LIMITED,14.0,,5274563.0,
00373288,LEE HAVEN ESTATES LIMITED,2.0,,3373792.0,
00374561,R.M.Hawkesworth & Company Limited,2.0,,49667.0,
00374596,EDWARD BAARDA LIMITED,32.0,,902145.0,
00375305,WILLIAM GARNER'S FARMS LIMITED,0.0,,1264138.0,
00375664,W LAMB LIMITED,7.0,,19108253.0,
00380493,Harold Wilson (Insurances) Limited,24.0,,146003.0,
00380946,Sheppard & Barrow Limited,4.0,,864817.0,
00381528,SAMUEL WORBOYS LIMITED,2.0,,19897.0,
00382662,Pinnock Farms Limited,4.0,,673005.0,
00382978,KNIGHT STRIP METALS LIMITED,40.0,14620334.0,308719.0,
00383119,A Dawson and Company (Estates) Limited,9.0,,4309858.0,
00383326,RODELL PROPERTIES LIMITED,6.0,,3500000.0,
00384118,ROSSITER MARINE LTD.,2.0,,142168.0,
00384900,W. Lever Limited,13.0,,958131.0,
00385063,RUSSELL MELLOR AND COMPANY LIMITED,0.0,,1632.0,
00386193,D W FERGUSON LIMITED,4.0,,4061910.0,
00386675,W.BRADLEY & SONS(FREISTON)LIMITED,2.0,,621556.0,
00388971,Modlit Limited,19.0,,-164874.0,
00389400,Millstream Investments Limited,0.0,,2164487.0,
00389597,Sears Bros. Limited,6.0,,1846498.0,
00391968,W.Clifford Watts Limited,44.0,,15509344.0,
00391977,"North Cotes Farm,Limited",8.0,,2378240.0,
00392000,JOHN HOPKINS (BUILDING) LIMITED,1.0,,,
00392482,Linton Family (Holdings) Ltd,5.0,,7548263.0,
00393809,Mardon Estates Limited,0.0,,1295359.0,
00393908,JMP Land Limited,0.0,,278712.0,
00394583,GREX LIMITED,0.0,,10596294.0,
00395713,Nellist & Company Limited,1.0,,401170.0,
00396272,THE HIGHTOWN ESTATES COMPANY LIMITED,0.0,,776898.0,
00397136,J.T.Venables(Kempsey)Limited,0.0,,137297.0,
00397217,"R.Fowler & Sons,Limited",3.0,,7779922.0,
00397840,ALFRED JONES (WARRINGTON) LIMITED,4.0,,3638743.0,
00397923,Anstey Pastures Limited,0.0,,777615.0,
00398178,EAST BROS. (TIMBER) LIMITED,33.0,,3066249.0,
00398242,BEEVFRY ESTATES LIMITED,0.0,,2011.0,
00398974,MOULDING SERVICES LIMITED,0.0,,8058.0,
00400155,Sharples Transport Limited,1.0,,16156.0,
00400967,BRODIE & MIDDLETON LTD,2.0,,90686.0,
00402192,Newards Limited,10.0,,21581.0,
00404158,M.M. ENTERPRISES LIMITED,1.0,,2015194.0,
00404300,TICKENHAM COURT FARM COMPANY LIMITED,6.0,,9668350.0,
00404834,Rishton Welding & Engineering Company Limited,20.0,,1239130.0,
00405133,Brooks & Son (Martock) Limited,2.0,,7631.0,
00405322,Herbert Walkers Limited,103.0,13562489.0,7349443.0,
